time,peak_0,peak_1,peak_2,peak_3,peak_4,peak_5,peak_6,peak_7,peak_8,peak_9,peak_10,peak_11,peak_12,peak_13,peak_14,peak_15,peak_16,peak_17,peak_18,peak_19,peak_20,peak_21,peak_22,peak_23,peak_24,peak_25,peak_26,peak_27,peak_28,peak_29,peak_30,peak_31,peak_32,peak_33,peak_34,peak_35,peak_36,peak_37,peak_38,peak_39,peak_40,peak_41,peak_42,peak_43,peak_44,peak_45,peak_46,peak_47,peak_48,peak_49,peak_50,peak_51,peak_52,peak_53,peak_54,peak_55,peak_56,peak_57,peak_58,peak_59,peak_60,peak_61,peak_62,peak_63,peak_64,peak_65,peak_66,peak_67,peak_68,peak_69,peak_70,peak_71,peak_72,peak_73,peak_74,peak_75,peak_76,peak_77,peak_78,peak_79,peak_80,peak_81,peak_82,peak_83,peak_84,peak_85,peak_86,peak_87,peak_88,peak_89,peak_90,peak_91,peak_92,peak_93,peak_94,peak_95,peak_96,peak_97,peak_98,peak_99
0.0,1.5350599970728274,0.5671422869327591,0.9054561091494349,0.7053208966904417,0.736207491512659,1.7459323053372036,1.9706225518519247,0.8694591193426893,1.7707798959687056,1.7650194463680777,1.3178216501513746,0.8248053246857049,1.6882297627402283,0.7686290627105493,1.58945715764245,1.4107122589667203,1.9120305769611339,0.8594041311896425,1.7515563563478425,1.2350630432090537,0.9391834854774243,0.7569175298261344,1.2810686781752074,1.4107855248787629,0.7035074952957092,0.45237494365030173,1.2002373863714684,1.595978910539021,1.8317698296350868,1.371895287384769,1.8746872424431098,1.8322697498796636,0.7719629881693294,1.743512775648208,1.6865078136000378,0.9627718862237045,1.6050082631934863,1.8932298598977153,0.8517231541113932,1.2438562932055415,0.6904163379505994,1.290689787192663,0.9287678994013349,1.5750575978385,0.6971325219637289,1.0251633867739824,0.5980426738542421,0.540762440713741,1.1551936186153131,1.166277060334373,0.5971687316617089,0.8563563997097077,0.5387911819737659,1.0266229076081685,1.390109523297614,1.2295734207862314,1.747691163174938,1.3657232979708265,0.9830701101027787,1.8047375062798723,1.1756544640473452,1.7199131843186415,1.3079289999935486,1.0805119236350127,1.0215370635412022,0.5859958343903922,1.122773739791672,1.4918728325492896,1.8669553838938586,1.1361443823201378,1.1591121917573994,1.3104938918152667,1.1020314378588054,1.34388324731092,0.6666479179485919,1.2221885502333354,1.4533374326624784,1.674425119714149,1.1690814001302154,1.0437308681949355,0.5212025520256309,1.580257081318501,0.6235365400004312,1.1870318159854485,0.8733433744787036,1.8123991232507664,1.8771831563742278,0.9412212644714293,1.9450614178789185,0.9875652976383188,1.7056816668681574,1.7854395343843945,1.542292346276949,0.9145285141298672,0.6986063105776477,1.0793145282793062,0.6348969349143498,1.7256216842424388,0.6932456803115093,0.5009402588870981
0.3448275862068966,1.336898471023385,0.48933844028573076,0.79167709882343,0.6092957128392479,0.6342082516148807,1.5266429971968865,1.7258390184465249,0.7467367672409884,1.5425383087932807,1.5301586562644682,1.1518312077041577,0.7112108861737431,1.460559786622744,0.6627061728327973,1.380035369815371,1.2256061640874327,1.6692434685430122,0.7474954402472992,1.5301072199128951,1.0717904241502463,0.8304480082103395,0.659594118545557,1.1202193708896946,1.2372808913018722,0.601981350368982,0.3836167707029869,1.0431851887322063,1.3916710631535214,1.5921676267653435,1.1905829297286896,1.6341696067006721,1.5961526041100986,0.6664588539242138,1.5133328049113475,1.4828883752760949,0.8450915706027445,1.3818524472558567,1.663340668679557,0.7289389773782127,1.0772447502610818,0.61341876169285,1.1108968757164026,0.8184944585548342,1.36640433100322,0.5953087810772331,0.9016366895654871,0.5371341778404897,0.4704980055346292,0.9937342065838474,1.0099975012081137,0.5007733827700709,0.7427041433384107,0.47491937782309046,0.8914640031586233,1.2144556174431045,1.0757783798603975,1.5203552793832729,1.183820503426762,0.8706490886169715,1.5855241001066993,1.0126031680847096,1.5059870007914713,1.1317683385580042,0.9344126070136206,0.8773879469932557,0.5179750849888642,0.9656272864513649,1.3061332151318952,1.6188383590930142,0.988762163122782,0.9938027424340693,1.142160905628398,0.9601712401651276,1.1730882509864655,0.5914534591364821,1.0646779472384846,1.2734033303792034,1.4625712068366261,1.0211114841092415,0.9223938487808784,0.4559902791892572,1.3672489253353215,0.5450192353459821,1.0237417024271411,0.7471734155553447,1.5819849504478203,1.6297876312900317,0.8147084706677634,1.7079372570586993,0.8527143799747793,1.4853435881993582,1.5646784686580821,1.3476481463715626,0.8069188415560751,0.6065804015005735,0.9320207487275525,0.5483670457093641,1.4913505023409448,0.5955603634903859,0.4282435513515594
0.6896551724137931,1.169009555346402,0.4262794831600437,0.7004620078210707,0.5194084764716745,0.5500892169047316,1.3305506987638138,1.5138525090099522,0.6485017854662479,1.3477401389762336,1.3233484003570388,1.0102025075027579,0.6106680718373761,1.2670309048632822,0.5675610140578468,1.1996251175689847,1.0587607265442718,1.456244211494682,0.6520709640547274,1.3376924845564764,0.929761031344748,0.7370179008519826,0.5771335603851117,0.9841352688844587,1.0812823407144136,0.5188951667048431,0.3249587200557571,0.9061716965246359,1.214983066050462,1.3789766895135613,1.027233058320073,1.4222572165510046,1.3945175094071913,0.5720270372511956,1.308681998650243,1.3012570014136744,0.7419474197283107,1.1970444012036399,1.4588108120700807,0.6197634980597791,0.9302478657901024,0.544119645899504,0.9641966996184809,0.7216605209995586,1.1795922188127188,0.5138269220699445,0.790945096075631,0.4735712598248254,0.4095906236372002,0.8510809589032741,0.877903689943607,0.42659218591696235,0.6421714958100073,0.41362635290268374,0.7649096007790719,1.065791057963325,0.9499361904563873,1.3251576149276425,1.0235414218712917,0.7648335683671943,1.3912252398124823,0.8775198581355216,1.323398311109303,0.981761796512453,0.8029404450218001,0.7551120778675829,0.4580280596484933,0.8323246446221654,1.1421197458425392,1.404439270012377,0.8628255305557682,0.8589315897587964,1.000698173900793,0.8313079444616811,1.016445294899876,0.5184702499020075,0.9291639261519028,1.1128276074825023,1.2808503929089248,0.8935651152114171,0.8133787469613245,0.39699218437226796,1.1839729454165107,0.4777867448668591,0.8871750438773073,0.6415752274610569,1.3878453982049301,1.413275124125718,0.7037831194802666,1.5001630902807268,0.7463679134681166,1.2913406020400853,1.3719930787496228,1.1833499080994059,0.7113958007394229,0.5312767586722938,0.8044558115090692,0.462404375141168,1.287265538084799,0.5075764548166685,0.36386030848747425
1.0344827586206897,1.0157947088729775,0.37179680551846034,0.6178879930501856,0.4470146178273043,0.47838062936539866,1.1646609458306938,1.3301210356063622,0.5568156961926237,1.180561203745623,1.1420543685118718,0.885491812669676,0.5307992152082834,1.0948704850282922,0.4831193490314247,1.040752241972374,0.9193050972945808,1.2721881865289577,0.5704551641525717,1.1752043476945524,0.8064175693923653,0.6510623643580459,0.5045241754274736,0.860064974603632,0.9484772794006616,0.4436043740712222,0.2758752570042268,0.7893464331416142,1.0610988734036217,1.1983014602746653,0.8888205895616046,1.2425456290860148,1.2172527906061514,0.49444630872353773,1.1345457006927455,1.1425343559860106,0.6504551901422615,1.0304387595194766,1.2826029886495085,0.5262023593061934,0.805403001228823,0.48691322052407926,0.8237538520513888,0.6326999851608661,1.0201664179087306,0.4372589989903163,0.701836823361131,0.42317013085073185,0.3545529714050102,0.7291014847576083,0.7595889678781326,0.3602536174440223,0.5531623825674112,0.364836031023216,0.6610941647796723,0.9279206413876611,0.8369391341249928,1.153803348416757,0.8831775050846592,0.673205944212857,1.221641339997192,0.7553320520477507,1.1626081031975717,0.8492161754432436,0.6890716201460283,0.6480865903489633,0.4041416639543365,0.7148108099665317,1.000445035830566,1.2189196325216218,0.7455498619945375,0.7409974566543404,0.8760374728121096,0.7259330773448424,0.8841058914324443,0.4636647181640111,0.8041087600255422,0.9705975584004027,1.1223967707526474,0.7794905168711229,0.7195367378903794,0.34527619758164174,1.025879923352963,0.4158854729972398,0.7671503652805738,0.5498037664621063,1.209742603207348,1.2222180542318652,0.6085329729964206,1.319130959454315,0.6428701157857675,1.1258774210248474,1.210612284923796,1.0392823330359837,0.6314594483063638,0.4608195008741048,0.6918170071140285,0.39471955056214447,1.1117344331037877,0.4371676869289375,0.31404753757956616
1.3793103448275863,0.8874606643437689,0.3203010684502529,0.5508164236705189,0.37763431495089517,0.40846143519739914,1.018290844805181,1.173870644076352,0.47354792200002177,1.0373335229372886,0.9844746182824793,0.7744512147778758,0.4556205379980965,0.9488602085099649,0.42090341778024115,0.902411713936944,0.7972895996677172,1.1178413458299334,0.49586181985056765,1.0307630998258979,0.6949907628524321,0.5797065573192979,0.4373661219130099,0.7528554359811607,0.8309967470483318,0.38009971626978145,0.23378669478932596,0.6871127356713647,0.9219781359544927,1.033696684673389,0.7644304166811827,1.0824880929115643,1.0696209824832892,0.42273254579233904,0.979805494638284,1.011649252535825,0.5722576967640419,0.8822555962821494,1.131653600790337,0.45023444522967715,0.700034632937422,0.43092033711102873,0.7069839094119826,0.5626205376354793,0.8778375739155042,0.37236421893786864,0.6143785131451907,0.38097860167052594,0.308245234828408,0.6259214014690367,0.6544999538941378,0.2984729357371801,0.48255120885205466,0.32613292514949027,0.570606529380238,0.8170730916202906,0.7406329817080499,1.0022603686454787,0.7583795231307678,0.6025197867143778,1.0796200193641572,0.6457140881752079,1.0234247960407503,0.7350392397451518,0.5904151179328534,0.5581301505186632,0.3608033431085344,0.6094978574052171,0.8830386942047576,1.0538394784002605,0.6494111931347488,0.634089649153203,0.7669917093261304,0.6302959054495384,0.7654230612537056,0.40725188857623734,0.7026517875998447,0.8511585913354628,0.9863917126413575,0.6816507807131083,0.6432740912480025,0.30085181484770007,0.8831019513987513,0.36654357377040536,0.6572928224701288,0.4665969606116108,1.0646878366214347,1.0622294029330668,0.5270534833932751,1.1590848141601704,0.5595071361897536,0.9773564773569517,1.0640682895244795,0.9117067835233121,0.5569224418748678,0.4032155396229055,0.596022815998117,0.33273656227983367,0.9607744536028893,0.37226269014530194,0.26644227020905176
1.7241379310344829,0.7746598922401665,0.27144000823036407,0.4875089646196225,0.3237574689641695,0.3555219816697835,0.8925605259447502,1.033992209991175,0.41059372816559275,0.9056537086336166,0.8462527045821379,0.6854881175061711,0.3942480745099725,0.822115374456456,0.35985506445301735,0.7830717123495178,0.6904500300383644,0.9671274048657484,0.42968287755676404,0.9004788801672587,0.5998986888014124,0.5207116633969784,0.37999815031707374,0.6589042659027979,0.7285708581386448,0.32017110787265074,0.18774375205424104,0.5987236999928579,0.805928477696514,0.898447501853858,0.660500860343754,0.9425125804273781,0.934324468992989,0.35798608604055593,0.8467486871671687,0.896981094284571,0.506889142575338,0.7561877439806735,1.0028266006232045,0.3775118307288433,0.5999562563834311,0.3870808458519534,0.6085279500335842,0.49701097587557413,0.7552936838277041,0.31797895471541554,0.5436908428305672,0.34212414341487035,0.26899866860646265,0.5292041626057792,0.5702598543327064,0.2532206955766566,0.41439391815629834,0.2857350270877887,0.48800641888895363,0.7150940717031185,0.658107908667035,0.8717331381709321,0.6519665068040225,0.5359150063213044,0.9498712629265678,0.5567919304918681,0.9029236089472622,0.6377375773884829,0.5052952860120304,0.47305187126349396,0.32223861437626267,0.5223008999422332,0.7706939169261481,0.9072447172256698,0.5642873777810652,0.5455159045025115,0.6718581872364652,0.5508478409276496,0.6653031337730743,0.36549421885655614,0.6117234285787247,0.7463753984891905,0.86865776149339,0.5971037945235215,0.5708825866675463,0.26843297544350264,0.7659907136961085,0.31459746629308727,0.5736335292256431,0.39819403545565996,0.9364373112314566,0.915935603285572,0.45292453025823526,1.0260696485249354,0.4856749271970021,0.852553884306284,0.9357946597156384,0.8034857103510443,0.4946093640216971,0.34818477601978537,0.5130860435729226,0.2791631839884239,0.8245579112366851,0.3120023739675991,0.22752226766028855
2.0689655172413794,0.6769643795040625,0.23509826952814766,0.4389733823569319,0.27245289965288444,0.30599147312781,0.7818403747785003,0.9072829513195179,0.35170326277534814,0.7942324034721041,0.7349043667024029,0.6043900237630748,0.33825879572460116,0.7091454676811175,0.30617555165770316,0.677638218272483,0.5972703846457997,0.8509652186204298,0.37654650097091275,0.7933509618498563,0.5180851842678886,0.4622150393188214,0.33686063846120523,0.5859412352265602,0.6370476271581128,0.2709452038200629,0.15740852564442553,0.52031884978053,0.7000678801487976,0.7759561327804125,0.5645790676965177,0.8185298591662363,0.8190283934994677,0.31024189174188205,0.7318252165434588,0.7899288956291011,0.44370048202856,0.6479326046096462,0.886479180940571,0.3162669448432226,0.5160099811577746,0.3440979897557588,0.5195724714004285,0.44897628299771986,0.6476758040915105,0.27381399751860147,0.4845129035940229,0.3081844231759109,0.23393996161808853,0.45533963204380395,0.4892283377163936,0.2049596493473518,0.36004305606062664,0.25307451001800085,0.42385935873133984,0.6293655938312116,0.5839825628474387,0.7554648696821565,0.5652897794195428,0.4805779068476722,0.838571049454386,0.4718502937468939,0.795776363441503,0.5491870515806121,0.4335178703978706,0.39974414270510905,0.2845359308258315,0.4446919874968634,0.6802005260484159,0.7855378236010209,0.48889212370030716,0.4636953202477743,0.5908926996889525,0.4765145068599954,0.5784486394878183,0.32752554643944976,0.5276207546902941,0.6570516515093251,0.7625992775864197,0.5176553419300367,0.507681742099446,0.2314407646294579,0.6551027897461129,0.27419642316596526,0.48750174928048096,0.3353992008513929,0.8198935533757998,0.7986015539432803,0.39022154890564886,0.9036316065198634,0.4207049929121651,0.7396625173822776,0.8238133405978687,0.704924673064018,0.4409130405892828,0.2990409766343716,0.43684586994395286,0.22798386893538594,0.7091870108772215,0.2631704954186137,0.1893393833216674
2.413793103448276,0.5936704656256528,0.2052926258098355,0.3880131870972233,0.22808594923294434,0.2637158395758882,0.6861046715192023,0.8036710380794688,0.3018232868309305,0.6930864773743717,0.6273784066719141,0.5333621411140127,0.2857741700641319,0.6119725084922403,0.2576658427598352,0.5887945547444329,0.5167041963758738,0.7427541115829486,0.3303651561581057,0.6968420787912374,0.445517530000453,0.41769726002717533,0.296337057559948,0.5108265485150265,0.5606585503996893,0.2259136554228183,0.1247511640743782,0.4510184064702127,0.6100377404015662,0.6703177133619105,0.4868573425649134,0.7106220471254414,0.7171537562272917,0.25907820905943374,0.6284576218692598,0.6956468721635072,0.39449862543429437,0.5536674602481497,0.7761361621671508,0.2627495402015629,0.4433920796399092,0.31488238212572445,0.4408121567274565,0.3941755542743087,0.5538821484793066,0.22204116984297628,0.4275499571405194,0.27650676379358635,0.2027128599890475,0.38002388234285095,0.4189477363304659,0.16702051085779238,0.30707061464463886,0.22440193659755278,0.3602492727647593,0.5524274844436503,0.519041472171608,0.6628674090143881,0.4819666330606585,0.4249420564452802,0.7465258130473358,0.4012875921524862,0.7011664815587754,0.46974100938648344,0.3650212662795274,0.3349141230989049,0.2547779830173517,0.3763443420151399,0.5981024050397754,0.6758705897131465,0.42397900870248734,0.3991924190960855,0.5156697874521333,0.41598456476157947,0.49775775265700967,0.291498134467086,0.4605979987534376,0.5803840565500318,0.6714919959377736,0.4583832669397607,0.45656159362684895,0.2062518725757483,0.5631539118381482,0.2424369845798604,0.42082205191086314,0.28279578489710344,0.7221891112486384,0.6887373241032126,0.3348362167757619,0.8037349535433653,0.36419750502671083,0.6408487357091722,0.7269232788316882,0.6245242083796102,0.3898665737423656,0.26663948354246353,0.3749010949387636,0.18872488443700103,0.6064127816347612,0.22074446853310392,0.15990508175992715
2.7586206896551726,0.5205559031175515,0.18107103324046497,0.3467528787906453,0.18825839061529287,0.22206939714678725,0.5986606966911925,0.712470507270143,0.25702199601679954,0.6083845490419553,0.5367540690424599,0.4722595951745469,0.24711485332345376,0.5239287951273623,0.2174009409056545,0.5108960774939165,0.4464014736452967,0.648464705543422,0.2936432587694807,0.6157336438938946,0.3812524031571678,0.36970291656334364,0.25738575308946293,0.4482103619114725,0.4941071631913754,0.1870737160002072,0.10242812474083242,0.39330462754947904,0.5347877740950511,0.5748293844929693,0.414724223047066,0.6222809758649954,0.6266253127140359,0.2194828831523142,0.5416519473443681,0.6174797896575288,0.35156951685271304,0.4690027478134457,0.6917545044744959,0.21624970705211488,0.3817621799451505,0.2853863298421026,0.3732064224687143,0.3555170476660383,0.47574009503037396,0.1840360939789038,0.38271069756627857,0.24780548660698257,0.1792795369330385,0.3232217312809618,0.36079042089510466,0.13088073266291475,0.2656662221541492,0.1952470208439289,0.30872955833307936,0.48574288109228214,0.46406287600875545,0.575171944926378,0.41548789295453603,0.3831514707395742,0.6610215011930816,0.34016966871894116,0.6276610835380506,0.403141886647303,0.30896564363488516,0.2855628670855905,0.23137869179520665,0.3183370573688307,0.5302793491821992,0.5825208313865953,0.3640085465084062,0.33501927945944937,0.4526600274117881,0.36129035310282515,0.4299821259792648,0.2612420804478794,0.39736732523743035,0.5045714768896175,0.5944274398148706,0.4052393714703222,0.40989098659475587,0.18041799506647188,0.48802798456245194,0.21325676609804947,0.35992571789974614,0.2355006852919769,0.6358624064151633,0.5952718356633977,0.2863388159208093,0.7091914353136103,0.3149873813609779,0.5607403333067325,0.650831520138266,0.5526849961185737,0.35020126675436763,0.22733162199689544,0.31714331902527704,0.1554621518586844,0.518799567493511,0.18189218135923624,0.13307494293726888
3.1034482758620694,0.45557172759905196,0.1539823207382527,0.31287871627582803,0.15838969387178797,0.18875302970894794,0.5254372156032425,0.6316096166064841,0.21672906509628131,0.5374531915488118,0.46072737305171046,0.41678455006791276,0.2088925162399687,0.45235759543413456,0.1799916090810111,0.4351750753198644,0.3800987365602009,0.5710664333626427,0.25852810563585366,0.539366896286949,0.328178185946344,0.336654701927984,0.22460993574239868,0.39524497987140494,0.4394417956845464,0.15267398472931243,0.07934170765372467,0.34564999326607043,0.46783675613980136,0.49616625492519867,0.3489608128216525,0.5421707219009199,0.5516599381744389,0.1871052309791731,0.4605194465701824,0.555441884633638,0.31099377622020224,0.39815635871644595,0.6155175892621916,0.1741261472013129,0.3237636798568274,0.25751165564845807,0.31738090036951366,0.32028620982832,0.4078445385963475,0.155812819727617,0.3373163596393495,0.22947371664849955,0.15500865848851428,0.2671564559994476,0.3133662558852781,0.10168083717824519,0.22260052139077777,0.1756489633120682,0.26352062618096816,0.4221374835993215,0.41556897540929405,0.49789637472381276,0.35713998151684134,0.34221629358233746,0.585878893889211,0.28791266478558314,0.5537745430218284,0.34906295433612416,0.26177091661305724,0.24303856416859324,0.20642885362669933,0.26537338719730413,0.47151004753274084,0.4995446355374631,0.31674983055786315,0.28200095333257197,0.3990737483725702,0.3124222273483683,0.37379335903184374,0.2375448759506335,0.34960442993925095,0.44392922073303126,0.524818143367592,0.3524342494284876,0.37066159747631994,0.15673009331000246,0.4168430714077697,0.1885000582676105,0.30814678829893816,0.1939726382780659,0.5596736308773134,0.5092676456322369,0.24323224116967257,0.6315832079071544,0.27506244966974197,0.48516411959828337,0.5768670596072911,0.4853589398005589,0.31693574914430306,0.1991234060340204,0.26920974934042424,0.1245218236703582,0.43936180457398216,0.1506192676256509,0.11209457097457044
3.4482758620689657,0.3970137993408165,0.13224418759540882,0.2793452445300099,0.1286734338653353,0.16659294579057887,0.4595106221754845,0.5577360576306761,0.18104965844394866,0.47214293466637397,0.3915633491395342,0.3674746311403346,0.17651146999568665,0.38878234572042625,0.15583057801375738,0.37748340323230195,0.33195888438138993,0.501121263823405,0.21970868310627426,0.48027106231096756,0.28312430933811117,0.3079475252128636,0.19761361019749762,0.35210517089044996,0.3850652371088178,0.12645984382637823,0.06458705046085103,0.29569295951609076,0.4090389956802628,0.4299031509621478,0.29750833226427953,0.4710325073923882,0.48235828325611946,0.15241623499838317,0.3968345000635391,0.49253389929435254,0.2766086672658893,0.3314138982255429,0.5486105716511647,0.14292013457261807,0.278834732574481,0.2346319151770937,0.2656221973446231,0.2849451670582889,0.3435593665420749,0.12329840552514373,0.29788696822674005,0.2118145563985906,0.13051687493349334,0.2181402459002233,0.2684269229877776,0.07691892566946223,0.19218866729780731,0.1615360691239341,0.22278759632713196,0.3728141596356846,0.3694908052628845,0.4355653460144281,0.3016543960340056,0.31166426459748076,0.5185378376630714,0.24202295609312718,0.49205690316424044,0.29925880198094196,0.21960903927736142,0.1977899674604242,0.19092561406702122,0.22399378324956631,0.4136585465002973,0.4321804407993441,0.27413436297497423,0.23709985446966214,0.35298633129959933,0.2721353487180239,0.3212507584566656,0.21335943603440746,0.3010025688158394,0.3913810952991401,0.46352332281106984,0.3084963944073946,0.33157144805016614,0.14106439073624133,0.3557133148206529,0.16212684181881834,0.2594643332205536,0.16058520282554783,0.49210633695718736,0.4337194559412919,0.20647859352025102,0.5656471121767304,0.23612735817383687,0.4237164201346157,0.5110961283310366,0.4300915642493955,0.28485539709955565,0.1716600988626527,0.22773933159745813,0.09925533608695414,0.3732256122681945,0.12449858428376097,0.0895417321827899
3.793103448275862,0.3468634410836459,0.11049306875889216,0.2517023869688422,0.10175305760228173,0.13981869551577247,0.40338431029225447,0.4984271374163642,0.15490958234601193,0.4177350506997739,0.3321868885939671,0.32752896459742387,0.1478401292651412,0.3306883064562277,0.12579883487662388,0.3253262235522851,0.2820221888577387,0.4354812026359888,0.19522313254478763,0.4243820416220493,0.23939798296863665,0.2793853315899018,0.17337872779971458,0.3087508429459703,0.3388231586402905,0.10070131948851874,0.04465085940618027,0.2514459103585221,0.3521880057553382,0.36320431045338153,0.25455916428027003,0.41035538214429457,0.4269934274089813,0.1312955757913979,0.33473023957833875,0.4410139740840513,0.24708272339613604,0.28141979152297486,0.4904458434570445,0.11197459954932573,0.23441347701687945,0.2172141463275902,0.21958591878631717,0.25634794617273243,0.29174920673337706,0.10234012454872658,0.2645123382753113,0.19435773621230254,0.1127905825430345,0.18132798298657882,0.2286018040575907,0.05376884464818603,0.16326535861223238,0.14022293792464094,0.18609462963195902,0.33106998659614884,0.335927792524717,0.38107953122967325,0.2534468581937561,0.28368675950592376,0.467298888914329,0.20025454944608723,0.44137667130321667,0.2530210905547469,0.17868113060274948,0.16242351196490723,0.16837832177705445,0.18686977686351963,0.3654489481977002,0.3705490893375808,0.23634485861654983,0.19879509226439424,0.30966339495305706,0.23991327350199296,0.2816347427146382,0.19200668939892734,0.2594537973131838,0.3484359428773901,0.41459556146039855,0.2749750860025912,0.30175570962178233,0.12168033087748222,0.2984085046855237,0.14337570774927713,0.21786184716363574,0.12360930873941602,0.43496454234128523,0.3787830544551935,0.17762389224049774,0.5035116112282473,0.20217940693333789,0.36814943324380955,0.4573576521570209,0.38016233746479594,0.2569735058779618,0.14609004597185907,0.19175601792696653,0.07121065051717768,0.30949963663681423,0.09799230738729683,0.07181985087966404
4.137931034482759,0.29826070473929667,0.09700816385285813,0.23147169437775492,0.08169597707164246,0.11883325764405082,0.3537262858211804,0.4434941671373889,0.12579858763539736,0.36587665486721516,0.2816875863339928,0.289509815706524,0.1262907070344028,0.277716672088618,0.10446857554771521,0.2834628110594307,0.24093272794156548,0.38366740186351556,0.1695795586723149,0.37375774475948187,0.2030975102078455,0.25709697906147494,0.1497621458257185,0.27194558944675645,0.30055630777728765,0.0767080004248537,0.02668136449393762,0.22070114911217162,0.30662036984931834,0.3123840749991409,0.21136215860308716,0.3583922342791314,0.3776636792349044,0.09914481455736564,0.2866038034459816,0.3947847428227108,0.2210996599901915,0.23322600704231622,0.43853256242695005,0.08328743886103437,0.20088055368431992,0.20493571080773026,0.1792222838788397,0.2343974774312401,0.24172572555045743,0.07696600410564236,0.23959430664041503,0.18064260125708037,0.09786820533289772,0.14499708300739222,0.19090751905973086,0.03407522174799521,0.1426496095614652,0.13045516089837178,0.15841890474042464,0.28993516683596526,0.3018386212975627,0.32926529582218816,0.21558597475181232,0.2567960421321054,0.4171036642096719,0.16670218538410483,0.39246542904175874,0.21426765562469516,0.14536449549300387,0.13564896730093434,0.15451824409604373,0.1469479995055263,0.3290577537687055,0.3143575252145421,0.20267915866466515,0.1619939132643147,0.27433858357764873,0.2033363090497325,0.23967084243853823,0.1747541563590072,0.22739030281341197,0.3074132824743516,0.3620160590906668,0.24654559170747178,0.27371914255460483,0.10993672173646946,0.2576532783668765,0.12415476718495738,0.18488009082646528,0.09625199715059755,0.3860267722117095,0.32115619422937386,0.1488293205360837,0.4488411366576126,0.1686373877963499,0.3154612141455917,0.4064560675673655,0.34190453646179364,0.23380866928679114,0.12504467101548955,0.15942959497184714,0.04937025036517394,0.2624195856143563,0.07587977387474308,0.05738093351208584
4.482758620689656,0.26769043818200144,0.07786949962082518,0.20897883599176925,0.05936756747677705,0.10244282472920375,0.3136217811537618,0.4019963211960926,0.10225545432767151,0.3276105831983407,0.23423388033433576,0.2609080953424565,0.10420571521967774,0.2383187371248069,0.08188532765581828,0.2437207292548209,0.20842319505764287,0.336071498098465,0.15057481049681398,0.33159175270778785,0.17138355871752553,0.2324419389567068,0.13391070074717326,0.24322504427459696,0.2672251882654972,0.058589722247080284,0.019071475792016207,0.19196950399581916,0.272776411433384,0.26788371760138263,0.17435176739335656,0.3145468231997925,0.3361997738728215,0.07765746543241803,0.24177943620509793,0.35862832124806937,0.1973127345781088,0.19088709452063668,0.39508819046764687,0.05445057839274749,0.17123569060945665,0.1819722276125635,0.14056987141626548,0.20919180468193918,0.20249340984884256,0.06331858660723495,0.21866717431406377,0.16515411731079557,0.08479525787580719,0.1123170826922411,0.16172618730276403,0.016313067148056335,0.11616409241832477,0.11710783877762981,0.12913025849847773,0.2576454303019912,0.27400800023187555,0.2863823959523196,0.18172253035570385,0.23264232955179398,0.37375974385767147,0.13586804058403398,0.3516562810658832,0.17972380257466838,0.11873393545749909,0.10688506418655669,0.1389392223748665,0.11429861049584901,0.2884717823734802,0.2653075614723805,0.17701030567762868,0.13062438077493635,0.24510086687698474,0.17434480908042133,0.20626849764948252,0.1602702016076455,0.19665079690078147,0.27538705542480824,0.3277788006070194,0.2125817509817364,0.24983938861180333,0.09442165782876266,0.21856355311220427,0.11278416920126809,0.15482385385204944,0.07415077719444683,0.34512517514916896,0.276982095411705,0.12308262940828803,0.4070016384797208,0.14653886361237176,0.27554198860801765,0.36909529871297564,0.30909775145446733,0.2099835838042864,0.11371573521442,0.13442014049832307,0.0309965968330121,0.2132099814291982,0.05902062407858031,0.04515111642447905
4.827586206896552,0.23801649887126416,0.07064989648512136,0.1940981466503759,0.04220615448087205,0.0831765155542726,0.27754212207505224,0.36473048004252767,0.08373043358616002,0.29112800060876104,0.1937433658809995,0.23152508181520187,0.08478886057897589,0.20100685608336044,0.06028132448055616,0.20707080505776518,0.1741378161447468,0.29763975242762486,0.12931879606680566,0.29390136178359205,0.14542313762912293,0.21527860115435113,0.11967804405296643,0.21993898033691792,0.2365078064590227,0.0409164848706708,0.0016618330936220092,0.16976737546318607,0.23103374933965945,0.2306349477083271,0.14474232398794792,0.26857040804239285,0.29072360000128555,0.0661427610716847,0.20539121422806586,0.3228358599286965,0.17456323404517496,0.15067786537056269,0.3546091863712287,0.03937100363283753,0.1390828134771588,0.17245991680452233,0.11626660069341767,0.19498908620024788,0.16777438414921236,0.045993889200122276,0.19932696232247643,0.15312481500853037,0.07496605906341061,0.0904375523341065,0.13648005704472407,0.00451808434678346,0.09582284181283525,0.1032434124837626,0.10847868127373363,0.22543362909134299,0.24968066197710723,0.24955067404437928,0.14793879909105936,0.2155168147009778,0.33437734046343925,0.1112560400459337,0.3211609398245657,0.15565164582607965,0.09459817264405786,0.08123669441632417,0.12982030182802304,0.09306859059699729,0.2615455110203789,0.22650500360217232,0.1509132647063268,0.10592364749661481,0.2171763388448311,0.15169848758206658,0.1770186242493015,0.149633028748734,0.17113815002099658,0.23979338353375979,0.292049827635964,0.18985617849232955,0.2324728576904058,0.08336884741229765,0.18007348230261225,0.09954341087619707,0.1257081097001364,0.054581856572105084,0.3085236904497207,0.23455513387249807,0.10344637671327898,0.3653106997573524,0.12928610455036524,0.23604521134202847,0.3286022300408698,0.2724052644493123,0.194555715166364,0.09729906960768583,0.109801764117499,0.018829914003919687,0.18022610826067179,0.03631879230282988,0.03135584148719353
5.172413793103448,0.20520221371159164,0.06147563944529334,0.1772998315720271,0.030067106589345936,0.06463033186199205,0.2451718796635056,0.32422472621378506,0.06684500655206829,0.2530067160264291,0.16129568847179301,0.20373392145235883,0.07051086596088264,0.16673589562322355,0.05124209649631382,0.1807878300322621,0.14646807993214842,0.2617661485383857,0.11676739454930103,0.2673998000942725,0.12124074622580966,0.19442659512176577,0.10411892880955292,0.19587961220268338,0.2126885445432443,0.026846871188218727,-0.0036193370603175784,0.1473054192925037,0.20511004892553736,0.19403597312213114,0.11999473411194227,0.23671560109221457,0.26139240756570625,0.0473704906980658,0.17010565494437502,0.29018643146577183,0.1570592454804372,0.12301031143858387,0.32011792406650025,0.02164369066094704,0.11669655452515018,0.15977731268900552,0.08889805555961805,0.17787267682056168,0.1374938812584955,0.030050676601366587,0.18134668955057529,0.1425531174643016,0.06010575722299977,0.06522969440141976,0.11812003647768478,-0.012559918116621643,0.0806661497873356,0.09712192721258033,0.08756668161580002,0.2036686166427091,0.22697204419920464,0.21551317158430988,0.12382309378966544,0.20102578420701767,0.30959720012364994,0.08339579185601118,0.28644272660119213,0.12997441555596217,0.06990661939367464,0.06254410294058116,0.11833181059605224,0.0707218603927182,0.23282074544231451,0.19044531178752794,0.1267281093200137,0.08145235733847016,0.1910204465861952,0.13266769014676674,0.14974803134484313,0.13519470115870588,0.14461979019018997,0.2177466318402441,0.25791647608245666,0.16662611269379451,0.2135752391856166,0.07427620626088308,0.14935294679328248,0.08669690557287173,0.10745062477176912,0.0370038295429198,0.27163960558538064,0.19681601888239034,0.08711359036051348,0.3324036931687772,0.1030080725618973,0.204154321665585,0.2967333207404135,0.24523918561123167,0.17714176168607992,0.08663959717598485,0.08563349864529302,0.007177104194888647,0.14997806545499887,0.025190903480704817,0.019628151507761572
5.517241379310345,0.17996949235247664,0.048030718599362164,0.16334627878813818,0.01776218368416374,0.0555028344727882,0.21831574738826487,0.28935489853983704,0.052804838487238284,0.2284414609155421,0.131850376830827,0.18766086767040305,0.054160980865604356,0.13775958338733593,0.03873614758054559,0.1507783822014993,0.12093051573759936,0.23059593107616772,0.10065084782253601,0.23493893354885237,0.1005240184911458,0.1825571658005126,0.09084046357462805,0.1757388847961633,0.19106302619141668,0.018397936807298638,-0.009877909568055145,0.124234110394049,0.1783765829738077,0.16379917597678417,0.09504149752085345,0.20898356868476373,0.23143356895335032,0.03694115923627503,0.14538867820316662,0.26561461889582316,0.14641426212282085,0.09125046334026851,0.29186086781198556,0.007357623926780216,0.09674456691427087,0.1452423696030004,0.07111436278803758,0.16602835695934726,0.11014562183993197,0.021959773259968052,0.1609092270854883,0.13762545799230325,0.05133886761157764,0.044602353942022624,0.09538157700501754,-0.018511034574734395,0.06580797506232015,0.08842999285001592,0.07213085123353764,0.18052085224210437,0.20725934049726008,0.18832611154606094,0.09872302776004536,0.18524700524688487,0.2754010073036652,0.06628268704364472,0.26373330179219656,0.10789388675986844,0.05795984976514687,0.04413177770075271,0.1073480295392094,0.0505307550331853,0.21170690112925042,0.15727287347536098,0.1094482487053902,0.06323800196301056,0.16569422300659756,0.11498089538839218,0.12742891142090085,0.1287383909862295,0.13111720166966642,0.19275180896117305,0.2365411262123019,0.14642937225272812,0.19515256239130063,0.07032041328890741,0.12715588475374143,0.07596246929711978,0.08057122463028962,0.018208745313826897,0.2436487715580341,0.1627120102212386,0.0714034246913317,0.30003100541170197,0.08981394254131035,0.1756773785263455,0.2735745007993227,0.21760218929333713,0.1654878582796319,0.0717768248830671,0.06718597514678948,-0.00783300798317728,0.11463716377610104,0.00868223747767752,0.011879553676753347
5.862068965517242,0.15929838263279306,0.04360113262940619,0.15147502818031094,0.007465806684542872,0.04693384645267539,0.19009707139173118,0.26855780213847613,0.039166341680195706,0.20287019361621633,0.10352817510336082,0.16984816856197976,0.04207031970388609,0.1135784955638274,0.0283901556710423,0.12976025860898088,0.10674088836304337,0.20468095941592201,0.08784347089901141,0.21242041845352222,0.08084599665031796,0.17443022486900633,0.08202288465151272,0.15406455509060346,0.17430570192651187,0.005652089452163942,-0.020106588902459498,0.10854667312651956,0.1598577076158661,0.1334973949112722,0.07351568065975979,0.1762334536065903,0.20187090040960967,0.02336549946349998,0.11537440986665867,0.24341045919048204,0.13240269202815216,0.07220843529084485,0.2685891394811891,-0.006367889876303981,0.07810111643763924,0.14349274404115386,0.04771361506892783,0.1490453107351331,0.08682757380446236,0.00912757557505835,0.14847594371284203,0.12952568311579005,0.044547458101046496,0.03054405787982805,0.07971047698791137,-0.029908968024807876,0.05468810868978869,0.08405282676124792,0.05683245115777479,0.15893109965990654,0.19453040717289594,0.1601009303189189,0.07896300942173305,0.1695712063494584,0.25657176437346735,0.04670872362276563,0.24162240625720674,0.0889824089966623,0.03529397639501627,0.029510860644495894,0.09919129787893674,0.030638449747655616,0.19121591141226912,0.13028119722068593,0.09143319746690404,0.04587852816360658,0.1506142111815366,0.09793921190670386,0.11413900176948319,0.11722520004657729,0.11064815356316943,0.17607965211025048,0.21362329405240169,0.13181177101122118,0.1837295853406831,0.05979159734835618,0.0988885891289354,0.06729432590403585,0.06845007112700344,0.010985560027265574,0.21925271865568075,0.13567464879381985,0.05320506419870204,0.275287685553144,0.07519134065362273,0.15661897369757785,0.24532189436188,0.19873228429014986,0.15601530080027287,0.06177621675540031,0.049933717354805014,-0.01833482366016547,0.09240947892740081,0.004574927366602688,0.005998373095298279
6.206896551724139,0.14054085044988196,0.032819818002002336,0.14090734286845696,-0.0028513331328823516,0.03501170209322122,0.17505355773027448,0.2467521187694181,0.028033867199710988,0.18495082347408207,0.08083231419056258,0.15169624708806367,0.03214954681904181,0.09605483262849385,0.01431073740663459,0.11036163353113165,0.08280656343181379,0.18148417545308765,0.07844150401005112,0.195664692100006,0.060989332595810644,0.16164178410464966,0.07248176160496159,0.13713221539536724,0.15546209443462525,-0.0036368450290521544,-0.025910317492144563,0.09298507227532452,0.1376498509070898,0.11161974359248505,0.052749888918512594,0.15710451418588636,0.18249137790509326,0.014231866177370248,0.09181739777909627,0.22332574876216654,0.1251824384419445,0.04597127856785695,0.24768467524574467,-0.016630104187660068,0.06184097828206847,0.13445117729765552,0.030541616913397445,0.1438037418547432,0.06607431291201914,0.0006124608420344077,0.13876533697464138,0.12252966371897145,0.04405238808087429,0.008734608044672139,0.06040726199577324,-0.03966352295376223,0.041807974222501994,0.07432219371251421,0.04194669313998348,0.14689881767793211,0.1816201248380144,0.13923638984846046,0.05827939948478641,0.15704540913187431,0.23277382159912854,0.03297459947028947,0.21436955301040578,0.0701895867906187,0.024050834713067393,0.015215736996220454,0.09720076353066993,0.019024607578120058,0.170593781457354,0.10801099565122338,0.07714840797474186,0.029747294169571833,0.137124119001628,0.08431892850552784,0.09663299237525924,0.11203871795176344,0.09292033421828631,0.1565501412497205,0.19097373357328107,0.11771124798565392,0.17308728258942738,0.05265286159292288,0.07604081604494672,0.0577335009061106,0.054271073773148625,-0.0035196930768545383,0.2010821405563266,0.1132177219720723,0.04553019527883016,0.2550126034953677,0.06833601221358072,0.13478367967828123,0.22585335647488336,0.18366083990721965,0.1398204781379272,0.05189131023681411,0.0406874570206894,-0.0244628382872445,0.06888301639935787,-0.006937085225651489,-0.00013792701621624778
6.551724137931035,0.122960484921295,0.0283057701420561,0.13295853106597405,-0.00885564972045991,0.02703776802342485,0.15371560828600306,0.22631327270022708,0.02040207715089653,0.16390667832993375,0.06120520652101803,0.14133563054865989,0.021204518585396195,0.07534002427398412,0.004751398038009077,0.09109407900696663,0.06819586356727024,0.1630874073541668,0.06659975854353693,0.17516439811408835,0.05071889604698577,0.1554925938164334,0.06114880520583493,0.12583969171709106,0.13825368323543782,-0.014942915451252661,-0.03188786455196749,0.07770594980061728,0.12131528524048579,0.08954132806948832,0.04401581706235087,0.13730778754946762,0.16539288080448503,0.006511459638809898,0.07040905394372225,0.20858721394332047,0.11197467304755541,0.02983413277672644,0.23177318375619071,-0.029676959026757314,0.04951507566679078,0.12617346736020754,0.015595383712770186,0.13526781134282642,0.04980405193087026,-0.011174711643115598,0.12299280571239023,0.1168717065416655,0.03475363900233005,0.0014077961055957541,0.04587374699153455,-0.04544561021127385,0.03235236542938838,0.06888344983353027,0.03225282743085933,0.12727613145095615,0.1674216344041423,0.11769405309304812,0.044588884867676676,0.15002117472243862,0.21194737559926224,0.01912784776485265,0.19619291478447082,0.056845835039879014,0.008333389067007374,0.003782217343525115,0.08903156703390933,0.0070358376079357856,0.16091875438813139,0.08705969808705953,0.06905207807063904,0.01919822879854397,0.12455907554163076,0.0722330508927495,0.07739938075685017,0.10373688863992789,0.08436994831642847,0.13979454955270176,0.1723035403674115,0.10555731572025664,0.1612611918442223,0.044056465284556506,0.06374110308914396,0.049973614976408946,0.03765332390155467,-0.013443812060290132,0.17805563973346683,0.09308606433327393,0.0301490061453245,0.23201241427747246,0.05227313393734073,0.1162399315840019,0.20998094313742224,0.16811013466157385,0.1363952922166003,0.041866826006303155,0.027538375527159247,-0.03385185576704118,0.047197689099685004,-0.016828704919411692,-0.003663217016879623
6.8965517241379315,0.10766216618418341,0.022295635982164205,0.12356392087292839,-0.021197181634308598,0.01928033256394981,0.13918272053590108,0.20601591503712977,0.011936335776919401,0.1491487437879848,0.04773267048465113,0.13086197473572142,0.011210257413037812,0.06213998083074967,-0.0016812533782134711,0.07838644741057287,0.0530291011716057,0.14066375715038537,0.06403484242769489,0.1582586019359934,0.039920266918750585,0.14522996379799877,0.058794048825405246,0.11408089899929073,0.12351248222383278,-0.021471547875946517,-0.03811347691735657,0.06906920328583847,0.1056726889139149,0.07280994350984261,0.02532265406579705,0.1198698613854212,0.14456545787897118,-0.0016215400685683353,0.05766429541167332,0.19039554519816926,0.10741773605419527,0.01602220597587572,0.20886211709122465,-0.04288310559588896,0.029921194406975996,0.12174042461376713,0.004524640640096155,0.12351887917341013,0.034165681287100284,-0.015209352474028699,0.11653416943466478,0.11156749453215041,0.02376469765223929,-0.011920117608015502,0.0391312677116144,-0.05577548347403669,0.02744977387175395,0.061610968896194857,0.02234060220470967,0.11798543575445553,0.15496890929690565,0.10367007878225269,0.030147255652848697,0.14319986068813875,0.1991570105168206,0.0021744289745939914,0.18378331279467827,0.04291584462475704,0.0007698115536732947,-0.009415158302791573,0.08547512922074782,-0.00760820761803889,0.14649745716981466,0.06839469940670811,0.05778080052488905,0.00846512759181693,0.10966195920672572,0.05713143678185759,0.06547726822845325,0.09791680593390101,0.07008437471206255,0.12529805560038984,0.15764651765346366,0.09322001324571721,0.15252647846538456,0.04104918303939313,0.045800638029376776,0.049019690829904705,0.023811485282710303,-0.02505511332467349,0.16483959425721423,0.07464262147165489,0.02351287290364894,0.21922542335907935,0.04406531711641565,0.09462509836861449,0.19221461771064793,0.15383735217436423,0.12410175958683516,0.0399141232867168,0.012559411553079871,-0.041292771600663865,0.02973229975437024,-0.024793027098165575,-0.014120605958338433
7.241379310344828,0.096692424844172,0.01801307981329672,0.11366090427419882,-0.02382077157562589,0.017181645779076667,0.12365672931465052,0.1913535044203261,0.0039384215096924125,0.1329657941964528,0.033886841066826136,0.11580960995913614,0.0100557318647305,0.04102532634412676,-0.010768996565384254,0.06239953669065298,0.04468831870177192,0.12681518900633826,0.05404553865958707,0.14427478793384432,0.02772448281643497,0.14001773981961588,0.05171870405920564,0.10473748714717908,0.11111525892704226,-0.024221682819632682,-0.04153050275400131,0.05977593979620843,0.09179742150620085,0.05831358345042379,0.017550691562441448,0.10798111591071735,0.13203097781661127,-0.009083089531748797,0.04235255946731867,0.1782472964812849,0.0939464059964431,-0.001591620593597453,0.19749440583414377,-0.04229066269253105,0.02395736412468499,0.11575215079195306,-0.008555319665530728,0.11901261048778738,0.019115093066109246,-0.0244472337805764,0.11087884482657313,0.10705713123886129,0.022708163824543208,-0.022722295069594525,0.030511088781313065,-0.05912062611657226,0.014197307571042898,0.063583329596994,0.013511396114380202,0.10797832669158264,0.14912084285130425,0.08962502576536444,0.019496237256800414,0.1346987100097884,0.18228352329731887,-0.003054694097795858,0.17275709067674933,0.03199277735441933,-0.006528567614739604,-0.014334268439158509,0.08119971485200123,-0.012116052220076431,0.13018302838583984,0.05391853271759339,0.050694180846567544,-0.0072814597379064604,0.10204639738907076,0.05404219431113868,0.05551373663783054,0.09444690084460627,0.05820890587179794,0.11872570993726594,0.1482520003282411,0.08352758652552442,0.14943518188145147,0.03576250666433658,0.03550950816772542,0.04322908307998232,0.016773887146922215,-0.031132201917937093,0.14763767331576044,0.05976678197492279,0.018469712219068395,0.2022650150502444,0.0343193209128553,0.08435396862032792,0.18031581308808253,0.14238438865605707,0.11949985483169857,0.03225007866178615,0.005070942973954867,-0.04770014396734986,0.016987044668965064,-0.031292163655657505,-0.017696392044736945
7.586206896551724,0.08238733628146294,0.01674807490474856,0.11182366354936243,-0.03003037338067151,0.011298600310056034,0.10899077830563283,0.1770740428152099,-0.004254266897401871,0.12144254931990518,0.02061239665402697,0.1106031434017942,0.0022460820604649316,0.03311222614228506,-0.016279038388697663,0.05163076689591157,0.03147186585683918,0.11838982649175464,0.05272261177715849,0.13127291243158615,0.02184804408548605,0.13119423070732186,0.04543252122665684,0.09769938637851222,0.10574565883941252,-0.03355366934080767,-0.04881773236500374,0.048323931239381356,0.08215294688407024,0.0432151522338754,0.002102098416333422,0.09094772301680192,0.11804754479534477,-0.015410181391458251,0.03176341338139705,0.17103791768408144,0.09198478710806277,-0.015388839595069561,0.18262963003820334,-0.04874929206081442,0.013188057471215774,0.1154360652043497,-0.01630984255109885,0.11205936674764667,0.006520873810234852,-0.022824428420613,0.10387471966817063,0.10549282963420681,0.014885362215386656,-0.037492298168527054,0.021225784243767535,-0.0658954398824209,0.013842351743151678,0.0517141096429074,0.0016875734831481178,0.09591997003032746,0.14278283478796555,0.07664768978612084,0.008583215322873537,0.12621940880826804,0.1699916729343488,-0.015510856024528591,0.15745385269562537,0.01903208879749935,-0.019545364523242934,-0.02265917627171037,0.07667226755560022,-0.026015859056024764,0.11950775870247055,0.0404481717792203,0.03675834276990319,-0.00868314887677012,0.09112861831006855,0.04536431299615514,0.0436441024598733,0.08893398869727308,0.05035088108081186,0.10534608095873325,0.1350565053942649,0.0751103400014506,0.1364296939572254,0.030592657232211596,0.021035769473532934,0.03861395170130304,0.007932024870239304,-0.038244155638751186,0.1352346627818578,0.04839881947078596,0.007645588154403953,0.18772830480564384,0.025353862164270366,0.07020929653192202,0.16369607759450722,0.12887939671487844,0.11051650967745429,0.02771830596103869,-0.00014305197273630334,-0.051680799287053505,0.003352922954193134,-0.03618239303498482,-0.01832910654541782
7.931034482758621,0.07192445007862068,0.011857688005753868,0.10559984501785916,-0.03258172359870391,0.00045860237050629254,0.09944440354486336,0.16664361091532756,-0.010639475884602272,0.11436094417240192,0.004868318740562032,0.1029589179880318,-0.007614585442970327,0.024706983512185574,-0.018390126261806854,0.04189890308852591,0.028601585572151613,0.10049950794022082,0.04615187683253159,0.11836374058552215,0.010751667986900318,0.12553105610860696,0.04104569241073794,0.08701201372835043,0.09769962929188603,-0.03824707412068949,-0.04790674422690969,0.04345053362206633,0.06923654529502592,0.035728980534372366,-0.0048193935381181194,0.0779989718012344,0.10793406428166345,-0.020012767176494802,0.02082096868530158,0.161340161132761,0.08442654752756726,-0.023123756046387483,0.1708630094228061,-0.05739438158307796,0.007885584392463797,0.10722337330881108,-0.023390378519304353,0.11003444272827216,-0.003555692541629608,-0.030436796296554946,0.09939055145650866,0.09937670080935589,0.016024752629802082,-0.03908247170874636,0.014240868290940569,-0.06811437379523208,0.008846136226191861,0.053253525257911806,-0.007193511915811486,0.08737829331704164,0.13302584849189447,0.06609988678834759,0.002620428400414739,0.1204988688409027,0.16079822823121934,-0.01925717546458619,0.14762345657047354,0.014807324200830058,-0.02932628828132451,-0.0292681885458196,0.07762180038779495,-0.030245605801705617,0.1120673631030418,0.02966036995828568,0.033145383034425525,-0.019789669450112464,0.08495772083891238,0.03905202246989883,0.03401024742254137,0.08717885355168657,0.044319289012052995,0.09503729238480575,0.12196378716089022,0.07076979214027371,0.1309592778238341,0.02980200883262582,0.011735528358002621,0.03277796645363734,-0.0002310060523666856,-0.042808653008155076,0.12392785793333191,0.037251065539616324,0.005541705433402586,0.1752598784759966,0.022346417987433302,0.0590108678227619,0.15516291615147612,0.11929277756334179,0.1065860993317075,0.02357486724172225,-0.010634615276384415,-0.05699165283986665,-0.007863170274879577,-0.04354517000394422,-0.02499659664376827
8.275862068965518,0.07018603775858559,0.005604589978886103,0.0992833229375113,-0.03923675310665086,0.0037628994544433247,0.08422375693627532,0.15690859332489876,-0.014707616209546389,0.10491016613014101,-0.004598671430437569,0.09246990790252052,-0.011665243537758272,0.01579525080600236,-0.02451646775096623,0.03448493475969953,0.017078143774261277,0.09402758240464794,0.04237280770284137,0.11314445410030723,0.0011986521944796049,0.12524916781922768,0.03651740962756495,0.07985934825694008,0.0908136745411165,-0.03985866174638567,-0.05324587865248681,0.03872373369815555,0.0604314118516503,0.023042000300761742,-0.013211170767970957,0.06835336146649663,0.09606984099389904,-0.02542231391963801,0.010899155761766524,0.15304658797451323,0.08119637131039074,-0.032193629926823446,0.16326905618094936,-0.06685985625317507,0.0028600906811119754,0.10236485901509317,-0.03326627758355318,0.10375278295935471,-0.007521067863672312,-0.036025963064126795,0.09248850765089857,0.101161855413239,0.011820395329078985,-0.047490788135374384,0.006584964719049707,-0.07299754705571013,0.004052220946433254,0.05101816349092444,-0.007990817618445644,0.0822816876800569,0.1305719671093872,0.053791046149880124,-0.008704059004175767,0.11873788136199,0.15109833481688317,-0.026528154566518566,0.13703261760032973,0.00866535638529105,-0.030977838402136876,-0.03512641870032464,0.07090044698199248,-0.03858599416913051,0.10249921334337825,0.02032677299866172,0.02687524801396036,-0.026031647894436932,0.0746109962299994,0.03410790247119086,0.028760739147713134,0.0817701989148234,0.037790650783716774,0.08812252862483407,0.11826692215380011,0.0647434657212972,0.12993967033110737,0.03261149697084437,0.0025920130477083618,0.028517607417913957,-0.008483707311263423,-0.04634832420153344,0.11510517368623299,0.019872294900563928,-0.0013135537040547514,0.16396976785086298,0.015251808344007245,0.05075236479513781,0.14778117627413756,0.11597184233543678,0.10039239734504346,0.022056270384609365,-0.01691654573372478,-0.059276074880770364,-0.018224600393363072,-0.045542607229462496,-0.025614641530439044
8.620689655172415,0.05938263263263689,-0.0013011687617484023,0.09969236686515716,-0.04250625780052025,-0.005186394725638943,0.08316731596240971,0.14465305809213116,-0.01884020462551416,0.08922982900035853,-0.014395253780274774,0.08751402797430079,-0.015909865537513883,0.002887819501227972,-0.028967342279170135,0.028264902441050305,0.009323473107737722,0.08071305109259443,0.03510335170117769,0.10170817850955464,0.00131689017431953,0.12022312003428352,0.031062733860958106,0.07334867744675388,0.08200551517899574,-0.042491244694004796,-0.05262340390452742,0.027358111474851517,0.054163348763120976,0.013388755839852327,-0.016530943157882814,0.06051179789923309,0.08925783031679596,-0.02558450148422775,-0.0009437538005221695,0.14257412486985097,0.07248246057912643,-0.04013484680624581,0.15316685734943958,-0.06644114577002688,-0.005423472653049739,0.10267745401764931,-0.038481692042625804,0.09804888057037084,-0.018012056721655033,-0.0377854037165756,0.08708387924442643,0.09870157860789087,0.01228595548145045,-0.049436098899723,0.0017357402919200313,-0.07729036239798895,-0.0053477827752265936,0.048772774911538246,-0.017405529544418874,0.07651842121133658,0.12107696246714349,0.048839512067079344,-0.014705330723446954,0.112933474625868,0.14185280162728878,-0.03345411944897512,0.13472635772812247,0.0029052258622135913,-0.0374249445331979,-0.0416209943002255,0.06768082883054798,-0.04687444522848692,0.09623350945143425,0.008286130312028218,0.021578589373953405,-0.03510320620328209,0.07069878673453103,0.028313760896771185,0.023177277992839997,0.07638537324159606,0.03206229483105706,0.08345655580726823,0.10965435631506802,0.061283380561199516,0.12280457122343807,0.02863280438919488,-0.005676809990918195,0.029444394849638095,-0.00601009215723045,-0.05286417680698065,0.10500495432814366,0.01508299372576034,-0.002391299598551489,0.15775890732111944,0.010138324801921873,0.043373617576189995,0.13881051938939493,0.10363553882398328,0.10124283165131343,0.01582646850944176,-0.019360391585296774,-0.06530222455803537,-0.02717174027773075,-0.04920121243213512,-0.027474152073975168
8.965517241379311,0.05548846068263297,0.0036389863769585133,0.09396761330125733,-0.04279801353690727,-0.002712637890119633,0.07556142158735003,0.1372638944854382,-0.020612296166349523,0.08629852865195074,-0.015685239160272164,0.08101259481845402,-0.02038000311497273,3.451543767253899e-05,-0.030493546662110835,0.01726583594781413,0.006492853424591186,0.0763757848922118,0.035103004099887876,0.10135757466296968,-0.006053835179601423,0.1156265665668314,0.030764015639617052,0.07188962773718874,0.07578849450365806,-0.045557303079252744,-0.05710130316936967,0.026224802120641336,0.04811233986529337,0.004661422478863083,-0.02529189291187213,0.05090985122184163,0.08267340639241239,-0.03346094013589731,-0.008959293348880177,0.136876710044734,0.06885446871423789,-0.045914047626104924,0.144551169573284,-0.07211023829539304,-0.012337554425484927,0.09888323300218135,-0.044272791620414566,0.09124870778766203,-0.02358103219575075,-0.04276643486771354,0.081943792352857,0.0969767244637696,0.010062308190465252,-0.057932946268576334,-0.002735202314870876,-0.07990327182773008,-0.008624448161282217,0.04673896656902238,-0.016664199889238326,0.06801267255520338,0.11757787386943185,0.04380710089974175,-0.018543775635750305,0.1070099498049275,0.13685356525757417,-0.03685614856607596,0.12380564180760541,-0.006272355189557102,-0.045566863189658996,-0.04662921614952827,0.06468361791907881,-0.048891663450601884,0.09459090540942994,0.001978173058622073,0.017102660241851093,-0.041548596259798544,0.06550616029170343,0.02454559412475311,0.01917666834507432,0.07371989175278039,0.026557025855922563,0.07787364832274143,0.09876398010031,0.05641617160076631,0.11837349165199951,0.026262511582262137,-0.010826403902102528,0.02590874829472393,-0.017162526154461444,-0.0585072030233787,0.0997210674559472,0.008200521886150999,-0.006981272121178805,0.14890075923554605,0.007622990133290814,0.036125046111266594,0.13142382663595129,0.09893916200015844,0.09937538737015128,0.011911451608468859,-0.02718281259013054,-0.06623111898624635,-0.03570953413418405,-0.053018718768812124,-0.03149000805529661
9.310344827586208,0.05172778559037831,0.001304384347308469,0.08827317714555984,-0.047499779400149995,-0.012122238255576252,0.07199347187506924,0.13102534823447198,-0.02612105607580323,0.07984501702011086,-0.02687610867760277,0.07751047662880313,-0.019704715063252883,-0.007157893446042501,-0.034900483453833314,0.010267594677412,-0.0015732779161597974,0.06782496217780332,0.03206693297111733,0.0876943759416136,-0.010131940230622355,0.11427680530175194,0.02688264164988643,0.06679978361553807,0.07068896191870563,-0.05035432387918569,-0.058531039990539276,0.02311073503849723,0.041358870573935586,0.0022357317760815427,-0.0281332686184193,0.0429615811693778,0.07421849080303149,-0.0337351506183106,-0.013741850881655315,0.12790502303310045,0.06608238069393636,-0.052369823724429596,0.13821576294349536,-0.07784525630138403,-0.014611270147684681,0.10164413566027176,-0.04914535170326258,0.08893813146263367,-0.02965629535820511,-0.046156238347853464,0.08090525581733495,0.09414680725289508,0.008852085088220558,-0.06511911332273816,-0.00862294814958152,-0.07968455983783893,-0.00909300149039036,0.04388567341721302,-0.024147234307443276,0.06199802722801738,0.11272002783502799,0.037319657205919406,-0.02489887013545898,0.10467506456197767,0.1315904653912068,-0.04169046270682282,0.11768239521811172,-0.005741959977349778,-0.04298985657789291,-0.05627447732058111,0.06644143960282435,-0.053419587130537995,0.08742757159701744,-0.004308963227292131,0.012730681482720906,-0.03811516633279138,0.06222527414940416,0.018447219727347215,0.01480222730838625,0.0726231110481714,0.023136702734568092,0.07115749182509386,0.09593957635384309,0.04885553653460653,0.11279206702539946,0.021537526193676628,-0.01390455565688668,0.022661768500624818,-0.022519210898755568,-0.059678959691990205,0.09177524905120588,-0.00034337466820504026,-0.012895986135907882,0.14293368151477032,0.0028813131501176123,0.02767737804485807,0.12443201850420017,0.09362900316677526,0.09114902875708897,0.010729930138611931,-0.025702517792200112,-0.07090613026722963,-0.043428815750404234,-0.05512723342793635,-0.031725279995234196
9.655172413793103,0.046321838634255486,-0.0016981620326339572,0.08903160071790561,-0.05028991019603731,-0.00966631001719347,0.06071306205266956,0.12538673753847993,-0.030814774866968084,0.07183668074706986,-0.03168807263459723,0.07462059902739747,-0.020121878087557447,-0.01238022141266417,-0.031940095801339254,0.009343656460270484,-0.004163293266261677,0.06311250997015183,0.025997610167635205,0.08510559721264485,-0.017698167274778367,0.1117487551012182,0.02673046524836655,0.06389527761942579,0.06822633118238597,-0.05444890652923221,-0.060374239889234106,0.019842934591333697,0.038088889188547505,-0.004811649173715892,-0.0302540058008497,0.038603599493214895,0.06805882316829981,-0.03619330202539467,-0.02030904639868603,0.1231371660664449,0.0673225757617716,-0.057385459762732946,0.13212953580369383,-0.07690533127586432,-0.015094133969770239,0.09582693799939447,-0.0579025277137242,0.08802826041396886,-0.036236753791753215,-0.04785727217282624,0.07670423954009399,0.08888660472873362,0.004456653475754697,-0.06722377127452599,-0.014218925223108768,-0.08395837533279138,-0.011476288345335286,0.045723043157906866,-0.02359032362565922,0.05674062926181545,0.11101414739326543,0.02989519932260995,-0.02986603593439411,0.10448906722750866,0.12727568669064834,-0.04411945010575152,0.116338196285258,-0.010553812006884784,-0.05093645061444027,-0.05307859962071526,0.062267155854882114,-0.05161010612308863,0.08440643001718218,-0.015120257289237233,0.008130305334300505,-0.04509863000485285,0.05594319259710671,0.013902125348438812,0.00808244297169996,0.07528612007782513,0.0175022468069413,0.06756965016019183,0.09037540246057958,0.04577728138874916,0.11292434440100278,0.019644454103959562,-0.023909017713656337,0.023649115275135135,-0.026280263150071734,-0.06303654833115635,0.08807350672028458,-0.005574038945166157,-0.0171797340952297,0.13887502162199056,0.0004566391065217771,0.023791422910990363,0.11934827207912319,0.08842834885327365,0.0889623602410754,0.012323118515745676,-0.03287914813581406,-0.07411291373839599,-0.04617955014005075,-0.056969810882237994,-0.03144673194107246
10.0,0.03864753493724646,-0.004718661905672592,0.08558182006877069,-0.05439084040148502,-0.015071557185385814,0.059413680895866634,0.12112463096223952,-0.03255807014094624,0.06776298205667493,-0.03753508565764528,0.07361432357571579,-0.02470162452032444,-0.019020204120387425,-0.03956666900577107,-0.0005455684712548405,-0.006004995921627134,0.05658701103702018,0.024629000964149207,0.08115113723323782,-0.018302228994294217,0.10995532809464245,0.021396134291922265,0.056159208429100785,0.05872511351099611,-0.0545935876656851,-0.06298416971295119,0.012288188878128088,0.03797881080673835,-0.0117951596515662,-0.0373864009730546,0.03456634118946283,0.06471206769380379,-0.04265150032724561,-0.023095008315525405,0.11723657430528168,0.06283438895424395,-0.06384129812043202,0.12705594973213444,-0.07563420226787826,-0.02377455244190158,0.09724638488299894,-0.06009962464408496,0.08496516969852731,-0.0402008264469022,-0.053814801548075546,0.07619188425151761,0.0905167737521182,0.0035900772509059597,-0.07040589432403777,-0.015504049901838122,-0.08677751536554151,-0.017124724193085594,0.04340515658048797,-0.029700715129296333,0.05397383646918247,0.10727858622408849,0.026801232662765004,-0.03007733302777858,0.10182177400667476,0.11879113242603488,-0.05251922919993911,0.11148587065678656,-0.01836739547258718,-0.05556470277303401,-0.0622630251732005,0.06411993640521715,-0.05800348261250392,0.08331195859246561,-0.01687654826378344,0.003387614015922121,-0.0464823000261579,0.05429941968151441,0.013100621192683648,0.005136512348538193,0.07219897735894132,0.013789536083358868,0.06331644898405023,0.08619053424612488,0.042459936654034164,0.11077527466425147,0.01618545728979186,-0.025511967365914153,0.022878782085740394,-0.027427621383341937,-0.06768507521355875,0.07962608602053099,-0.01317853686563282,-0.0167706022174458,0.13063645456390197,-0.0034471372957389,0.02123268315609495,0.1143606810651906,0.08473697324797101,0.08978374806035495,0.007229057448244996,-0.03755493831684003,-0.0720110573893207,-0.050237250951740635,-0.05805793107033812,-0.03481256323499675
