data_column,signal_column,scale,offset,rss
G_tau_1p000000e-03_ms,G_tau_1p000000e-03_ms,-0.023337325937942865,1.0540226771586632,0.00031398851721923355
G_tau_1p050000e-03_ms,G_tau_1p050000e-03_ms,-0.03687069540697796,1.0663449623519567,0.00031559803264767856
G_tau_1p100000e-03_ms,G_tau_1p100000e-03_ms,-0.0232389687595116,1.0535589378812042,0.0003381001252432074
G_tau_1p150000e-03_ms,G_tau_1p150000e-03_ms,-0.02853173536514102,1.0586360842748141,0.0002661417718880707
G_tau_1p200000e-03_ms,G_tau_1p200000e-03_ms,-0.02815117760503955,1.0579026719662854,0.00033429339456652663
G_tau_1p250001e-03_ms,G_tau_1p250001e-03_ms,-0.04562849942411139,1.0737391407597598,0.0003037652346687352
G_tau_1p300001e-03_ms,G_tau_1p300001e-03_ms,-0.027194811675105852,1.0574810858252681,0.0003334461153737368
G_tau_1p350001e-03_ms,G_tau_1p350001e-03_ms,-0.02749890786832631,1.057035684775118,0.0003290170559898444
G_tau_1p400001e-03_ms,G_tau_1p400001e-03_ms,-0.043534057223149646,1.0720513268378584,0.00029848528232022945
G_tau_1p450001e-03_ms,G_tau_1p450001e-03_ms,-0.03181585468762132,1.0609543188376636,0.0002821615461391507
G_tau_1p500001e-03_ms,G_tau_1p500001e-03_ms,-0.03775388711187287,1.0666356039752394,0.00033082137290582744
G_tau_1p550001e-03_ms,G_tau_1p550001e-03_ms,-0.04541445725649411,1.0735412491324894,0.0003176228980576192
G_tau_1p600001e-03_ms,G_tau_1p600001e-03_ms,-0.035630420879852374,1.0643561317262928,0.00032963342490014596
G_tau_1p700001e-03_ms,G_tau_1p700001e-03_ms,-0.036097591656085386,1.0646769270427638,0.00030419008009997285
G_tau_1p800001e-03_ms,G_tau_1p800001e-03_ms,-0.03544896883616857,1.064227016312644,0.0002731906460680777
G_tau_1p900001e-03_ms,G_tau_1p900001e-03_ms,-0.03270169523800871,1.0613273270294015,0.00030889384339104675
G_tau_2p000001e-03_ms,G_tau_2p000001e-03_ms,-0.026025555535923287,1.055304978164771,0.0002729024969329177
G_tau_2p100001e-03_ms,G_tau_2p100001e-03_ms,-0.03418333585324133,1.0625837341274478,0.0003255816313494431
G_tau_2p200001e-03_ms,G_tau_2p200001e-03_ms,-0.03650863485612623,1.064686189714263,0.0002869858282468869
G_tau_2p300001e-03_ms,G_tau_2p300001e-03_ms,-0.029567822959725903,1.0584511010019482,0.0002947635992716994
G_tau_2p400001e-03_ms,G_tau_2p400001e-03_ms,-0.02912538961666782,1.0577124296750466,0.00027219565422621593
G_tau_2p500001e-03_ms,G_tau_2p500001e-03_ms,-0.026200599971708337,1.0554279142586176,0.0003045994360670225
G_tau_2p600001e-03_ms,G_tau_2p600001e-03_ms,-0.03150124491422088,1.0602607812439424,0.00031426313995998334
G_tau_2p700001e-03_ms,G_tau_2p700001e-03_ms,-0.03654558923017559,1.0644259560061358,0.0003036800113918611
G_tau_2p800001e-03_ms,G_tau_2p800001e-03_ms,-0.030744012121885718,1.0593874483150005,0.0002963529719957155
G_tau_2p900001e-03_ms,G_tau_2p900001e-03_ms,-0.03448955631837414,1.062556185519369,0.00028040686182064715
G_tau_3p000001e-03_ms,G_tau_3p000001e-03_ms,-0.022569218213168644,1.0519673554687516,0.00027067294618018695
G_tau_3p100002e-03_ms,G_tau_3p100002e-03_ms,-0.035083324930350254,1.0628870876385628,0.0003389533055414433
G_tau_3p200002e-03_ms,G_tau_3p200002e-03_ms,-0.02849956150606347,1.057084634511796,0.0003095141788108248
G_tau_3p400002e-03_ms,G_tau_3p400002e-03_ms,-0.026896650339382832,1.0555723574603317,0.00026312243471824303
G_tau_3p600001e-03_ms,G_tau_3p600001e-03_ms,-0.030215736344794724,1.058721786989809,0.00031498336843501195
G_tau_3p800001e-03_ms,G_tau_3p800001e-03_ms,-0.030289588542536012,1.0586177690495453,0.0002933495733600938
G_tau_4p000001e-03_ms,G_tau_4p000001e-03_ms,-0.026643270106615914,1.0549585698706663,0.0002685469721353964
G_tau_4p200002e-03_ms,G_tau_4p200002e-03_ms,-0.029836039769924678,1.0579597122752094,0.0002644305284467133
G_tau_4p400002e-03_ms,G_tau_4p400002e-03_ms,-0.02701839797252827,1.0552089263820008,0.0002923817431099928
G_tau_4p600002e-03_ms,G_tau_4p600002e-03_ms,-0.035594970290647725,1.0628415726031972,0.0002850496556055291
G_tau_4p800002e-03_ms,G_tau_4p800002e-03_ms,-0.027658566635630207,1.0557967611542467,0.00028615642094474377
G_tau_5p000002e-03_ms,G_tau_5p000002e-03_ms,-0.03182645410433916,1.059674152352628,0.0002794335201764974
G_tau_5p200002e-03_ms,G_tau_5p200002e-03_ms,-0.027942448081206397,1.056045799562536,0.0002633154780961283
G_tau_5p400002e-03_ms,G_tau_5p400002e-03_ms,-0.030638075901962623,1.058307664937395,0.00027352945129833096
G_tau_5p600003e-03_ms,G_tau_5p600003e-03_ms,-0.0355830413473677,1.062444414880446,0.00023481652826003527
G_tau_5p800003e-03_ms,G_tau_5p800003e-03_ms,-0.026930447268411362,1.0549722800563976,0.0002811696316909451
G_tau_6p000003e-03_ms,G_tau_6p000003e-03_ms,-0.034607081082257386,1.061560117949967,0.00027140278551816523
G_tau_6p200003e-03_ms,G_tau_6p200003e-03_ms,-0.029335085842909406,1.0568914384908068,0.00024821414483705735
G_tau_6p400003e-03_ms,G_tau_6p400003e-03_ms,-0.03446899851689397,1.0614343866636877,0.0002750195958664471
G_tau_6p800003e-03_ms,G_tau_6p800003e-03_ms,-0.029992903943873547,1.0574377918697961,0.0002594277353697836
G_tau_7p200003e-03_ms,G_tau_7p200003e-03_ms,-0.02665823700386694,1.0542747827136827,0.0002587835346563711
G_tau_7p600003e-03_ms,G_tau_7p600003e-03_ms,-0.033096260635888185,1.0598986860550708,0.0002727722180795398
G_tau_8p000003e-03_ms,G_tau_8p000003e-03_ms,-0.026524700706093664,1.0539299541262435,0.00026623677603605724
G_tau_8p400003e-03_ms,G_tau_8p400003e-03_ms,-0.030390385828568286,1.0574410747655796,0.0002633983238368224
G_tau_8p800003e-03_ms,G_tau_8p800003e-03_ms,-0.029276958756528606,1.0563264148701212,0.00025803527740268014
G_tau_9p200004e-03_ms,G_tau_9p200004e-03_ms,-0.031032334554505117,1.0577908635427344,0.00025411817956064924
G_tau_9p600004e-03_ms,G_tau_9p600004e-03_ms,-0.030888700767605692,1.0576146271522016,0.00025303308644578125
G_tau_1p000000e-02_ms,G_tau_1p000000e-02_ms,-0.03105042008613647,1.0576810672249968,0.0002459449248633094
G_tau_1p040000e-02_ms,G_tau_1p040000e-02_ms,-0.02843856705761673,1.0553952081834421,0.0002539140683485298
G_tau_1p080000e-02_ms,G_tau_1p080000e-02_ms,-0.032311257370614764,1.0587085647704497,0.000252779849782211
G_tau_1p120001e-02_ms,G_tau_1p120001e-02_ms,-0.02812966539996319,1.0548332476867694,0.0002584591656549945
G_tau_1p160001e-02_ms,G_tau_1p160001e-02_ms,-0.02343404058667401,1.0505314034898008,0.0002269464910864583
G_tau_1p200001e-02_ms,G_tau_1p200001e-02_ms,-0.032793521048758746,1.059075435506777,0.00025249560972322
G_tau_1p240001e-02_ms,G_tau_1p240001e-02_ms,-0.027616854110202142,1.0542189028593667,0.0002445498326969211
G_tau_1p280001e-02_ms,G_tau_1p280001e-02_ms,-0.02657944311088301,1.053440158302986,0.0002502295896794081
G_tau_1p360001e-02_ms,G_tau_1p360001e-02_ms,-0.02847139803023664,1.0548624268521805,0.0002430070278751027
G_tau_1p440001e-02_ms,G_tau_1p440001e-02_ms,-0.027938849821586717,1.054415402937098,0.0002555566582819971
G_tau_1p520001e-02_ms,G_tau_1p520001e-02_ms,-0.025806482523439794,1.0524485918099684,0.00024663768268214456
G_tau_1p600001e-02_ms,G_tau_1p600001e-02_ms,-0.028646637222104167,1.054822332402267,0.00024508459681940007
G_tau_1p680001e-02_ms,G_tau_1p680001e-02_ms,-0.02678326276668275,1.053126280427647,0.00023568031547448165
G_tau_1p760001e-02_ms,G_tau_1p760001e-02_ms,-0.030023003790131054,1.0557900704575582,0.00024897624778109445
G_tau_1p840001e-02_ms,G_tau_1p840001e-02_ms,-0.029359692343857515,1.055219831864718,0.0002455659241978536
G_tau_1p920001e-02_ms,G_tau_1p920001e-02_ms,-0.03064745944360323,1.0562277757846672,0.00023240049528441364
G_tau_2p000001e-02_ms,G_tau_2p000001e-02_ms,-0.024487597126449313,1.0505739593835826,0.00022293411246140086
G_tau_2p080001e-02_ms,G_tau_2p080001e-02_ms,-0.028590185096707393,1.0542666461576573,0.00023692409626315542
G_tau_2p160001e-02_ms,G_tau_2p160001e-02_ms,-0.026532388702181525,1.0524929364792148,0.0002346350649759979
G_tau_2p240001e-02_ms,G_tau_2p240001e-02_ms,-0.02759758492724666,1.0533708234810246,0.0002462508351477173
G_tau_2p320001e-02_ms,G_tau_2p320001e-02_ms,-0.032099204147897575,1.0572316092249594,0.00023194869548674274
G_tau_2p400001e-02_ms,G_tau_2p400001e-02_ms,-0.023466292204857353,1.049353854543625,0.0002381518990473313
G_tau_2p480001e-02_ms,G_tau_2p480001e-02_ms,-0.02732101851276876,1.0527659569334,0.0002296088159677798
G_tau_2p560001e-02_ms,G_tau_2p560001e-02_ms,-0.02618094094234295,1.0516725774873539,0.00022863135818269466
G_tau_2p720001e-02_ms,G_tau_2p720001e-02_ms,-0.02287890185282973,1.0486000600692333,0.0002222036623726244
G_tau_2p880001e-02_ms,G_tau_2p880001e-02_ms,-0.025926177379761058,1.051262826711159,0.00022066830785201014
G_tau_3p040001e-02_ms,G_tau_3p040001e-02_ms,-0.026648727675281942,1.0517816958477222,0.0002178690908109963
G_tau_3p200001e-02_ms,G_tau_3p200001e-02_ms,-0.02319975511628541,1.0485969485361233,0.00022547772636875553
G_tau_3p360001e-02_ms,G_tau_3p360001e-02_ms,-0.027017848267748626,1.051977162529823,0.0002139437409921374
G_tau_3p520001e-02_ms,G_tau_3p520001e-02_ms,-0.024761389469312903,1.0497352565723939,0.00021312105502507223
G_tau_3p680001e-02_ms,G_tau_3p680001e-02_ms,-0.026396100183049234,1.0511033989638134,0.00021036500691180968
G_tau_3p840002e-02_ms,G_tau_3p840002e-02_ms,-0.026092031507434093,1.0507404836900347,0.00020553046167848813
G_tau_4p000002e-02_ms,G_tau_4p000002e-02_ms,-0.023623256741971018,1.0484552965333416,0.0002031589567937142
G_tau_4p160002e-02_ms,G_tau_4p160002e-02_ms,-0.023940465082592555,1.0486904966842945,0.0002102870435063168
G_tau_4p320002e-02_ms,G_tau_4p320002e-02_ms,-0.02543860610907179,1.0499295321733495,0.00021063647853726856
G_tau_4p480002e-02_ms,G_tau_4p480002e-02_ms,-0.023311265820902302,1.0480250078020772,0.00020286925681525472
G_tau_4p640002e-02_ms,G_tau_4p640002e-02_ms,-0.022353980582166654,1.0469601457739237,0.00019413315284438765
G_tau_4p800002e-02_ms,G_tau_4p800002e-02_ms,-0.024237132550374463,1.0486108903769158,0.00021048390168805023
G_tau_4p960002e-02_ms,G_tau_4p960002e-02_ms,-0.022032123670397044,1.0465967697044785,0.00020176613192561857
G_tau_5p120003e-02_ms,G_tau_5p120003e-02_ms,-0.024407633310521936,1.0485565851785703,0.00019281400805605444
G_tau_5p440002e-02_ms,G_tau_5p440002e-02_ms,-0.02528285543389401,1.0492443792345347,0.00019109146160454984
G_tau_5p760002e-02_ms,G_tau_5p760002e-02_ms,-0.023380991535335464,1.0473863940306793,0.00019792204703651203
G_tau_6p080002e-02_ms,G_tau_6p080002e-02_ms,-0.025594775651771873,1.0491711957062597,0.00019311592207062314
G_tau_6p400002e-02_ms,G_tau_6p400002e-02_ms,-0.025489676803152343,1.0489509786464124,0.0001905437367545874
G_tau_6p720002e-02_ms,G_tau_6p720002e-02_ms,-0.023941300540485946,1.0474002431107292,0.00018555756407205842
G_tau_7p040003e-02_ms,G_tau_7p040003e-02_ms,-0.023288108509913332,1.0466383864563829,0.00017900462694875265
G_tau_7p360003e-02_ms,G_tau_7p360003e-02_ms,-0.02098975130048689,1.0445568652185135,0.00018105102613061362
G_tau_7p680003e-02_ms,G_tau_7p680003e-02_ms,-0.023541224070807085,1.0466717784883064,0.00017566682669782884
G_tau_8p000003e-02_ms,G_tau_8p000003e-02_ms,-0.024324873568360068,1.047162349361813,0.0001713768431815841
G_tau_8p320004e-02_ms,G_tau_8p320004e-02_ms,-0.024174501044612433,1.0469268878096374,0.00017041134469931494
G_tau_8p640004e-02_ms,G_tau_8p640004e-02_ms,-0.02263895937892462,1.0454929600475447,0.00017533152362633845
G_tau_8p960004e-02_ms,G_tau_8p960004e-02_ms,-0.024061514138626346,1.046639259655283,0.00017105252820642563
G_tau_9p280004e-02_ms,G_tau_9p280004e-02_ms,-0.020946402304094107,1.0437260675722109,0.00016808701572101296
G_tau_9p600005e-02_ms,G_tau_9p600005e-02_ms,-0.021277956785598386,1.0438191532341026,0.0001660012079714945
G_tau_9p920005e-02_ms,G_tau_9p920005e-02_ms,-0.0219893661698524,1.0444180914297305,0.00016479951655892902
G_tau_1p024001e-01_ms,G_tau_1p024001e-01_ms,-0.020939917055735276,1.0432780461585143,0.0001588565068537117
G_tau_1p088000e-01_ms,G_tau_1p088000e-01_ms,-0.019893420738255025,1.0421932753796566,0.00015504566572618114
G_tau_1p152000e-01_ms,G_tau_1p152000e-01_ms,-0.02127701829891354,1.0431909965764314,0.00015696260875477073
G_tau_1p216000e-01_ms,G_tau_1p216000e-01_ms,-0.021046952992215102,1.0427577438783937,0.00014992897047774465
G_tau_1p280000e-01_ms,G_tau_1p280000e-01_ms,-0.020976674802750492,1.0425189549589402,0.00014491424700046495
G_tau_1p344000e-01_ms,G_tau_1p344000e-01_ms,-0.020503101799208542,1.0419051442207774,0.0001438821399763792
G_tau_1p408001e-01_ms,G_tau_1p408001e-01_ms,-0.020439743450613418,1.0416276740856272,0.00014087339807095686
G_tau_1p472001e-01_ms,G_tau_1p472001e-01_ms,-0.02033346621883052,1.0413434724000896,0.0001394311269791881
G_tau_1p536001e-01_ms,G_tau_1p536001e-01_ms,-0.0191250735419841,1.04006246701051,0.00013411278318901392
G_tau_1p600001e-01_ms,G_tau_1p600001e-01_ms,-0.019461397446474606,1.0402207683822093,0.0001313280638513517
G_tau_1p664001e-01_ms,G_tau_1p664001e-01_ms,-0.021273099062555402,1.0416611995431189,0.000127107891724469
G_tau_1p728001e-01_ms,G_tau_1p728001e-01_ms,-0.019365793842915858,1.0397935346965335,0.0001272956359678975
G_tau_1p792001e-01_ms,G_tau_1p792001e-01_ms,-0.020076691096840252,1.040237038064818,0.0001241706588082235
G_tau_1p856001e-01_ms,G_tau_1p856001e-01_ms,-0.019281535603645924,1.0394051191625155,0.00012194772306166153
G_tau_1p920001e-01_ms,G_tau_1p920001e-01_ms,-0.017859261625313066,1.0379140022325624,0.00012057749558091232
G_tau_1p984001e-01_ms,G_tau_1p984001e-01_ms,-0.018140183697152926,1.0380419420904714,0.00011796135374836443
G_tau_2p048001e-01_ms,G_tau_2p048001e-01_ms,-0.01741890218899491,1.0372280928952327,0.00011651223267895618
G_tau_2p176001e-01_ms,G_tau_2p176001e-01_ms,-0.01667267974168943,1.0362978469821906,0.00011288555129860184
G_tau_2p304001e-01_ms,G_tau_2p304001e-01_ms,-0.01727406097758249,1.0365158459324824,0.00010604642198660407
G_tau_2p432001e-01_ms,G_tau_2p432001e-01_ms,-0.01732581839835596,1.0363142923141142,0.00010599651175563453
G_tau_2p560001e-01_ms,G_tau_2p560001e-01_ms,-0.016519295654507958,1.0353708766152236,9.983362171021775e-05
G_tau_2p688001e-01_ms,G_tau_2p688001e-01_ms,-0.015915878388428464,1.034520172242832,9.523303069915073e-05
G_tau_2p816001e-01_ms,G_tau_2p816001e-01_ms,-0.016381033202002404,1.0347004391571217,9.316013131725143e-05
G_tau_2p944001e-01_ms,G_tau_2p944001e-01_ms,-0.01670465703537041,1.0347993029451945,9.254119551955811e-05
G_tau_3p072001e-01_ms,G_tau_3p072001e-01_ms,-0.015945750901029558,1.0338457249957176,8.610235411508845e-05
G_tau_3p200001e-01_ms,G_tau_3p200001e-01_ms,-0.015316424673477118,1.03308337267789,8.544434487701202e-05
G_tau_3p328001e-01_ms,G_tau_3p328001e-01_ms,-0.01468422369515381,1.0323019746874382,8.178619864981716e-05
G_tau_3p456002e-01_ms,G_tau_3p456002e-01_ms,-0.014808063909769003,1.0321931859196793,8.012518728455116e-05
G_tau_3p584002e-01_ms,G_tau_3p584002e-01_ms,-0.014729611169776398,1.0319162526702792,7.712366042739592e-05
G_tau_3p712002e-01_ms,G_tau_3p712002e-01_ms,-0.01376477726536524,1.0308489418625821,7.393962279463929e-05
G_tau_3p840002e-01_ms,G_tau_3p840002e-01_ms,-0.014427747438017696,1.0312903982772605,7.326176896340138e-05
G_tau_3p968002e-01_ms,G_tau_3p968002e-01_ms,-0.014229192964409085,1.030895457517777,7.06533172046256e-05
G_tau_4p096002e-01_ms,G_tau_4p096002e-01_ms,-0.01412467045011729,1.0306508235563951,6.891584502011035e-05
G_tau_4p352002e-01_ms,G_tau_4p352002e-01_ms,-0.013226573609745947,1.0294957969974337,6.513213216864145e-05
G_tau_4p608002e-01_ms,G_tau_4p608002e-01_ms,-0.0137081330553325,1.029600220366677,6.189851178940736e-05
G_tau_4p864002e-01_ms,G_tau_4p864002e-01_ms,-0.012027415644666627,1.0277730876672848,5.766903523576726e-05
G_tau_5p120002e-01_ms,G_tau_5p120002e-01_ms,-0.013023405443258385,1.0283760978445236,5.473914181839819e-05
G_tau_5p376002e-01_ms,G_tau_5p376002e-01_ms,-0.01295738227776441,1.0280279286897036,5.1363304303866234e-05
G_tau_5p632002e-01_ms,G_tau_5p632002e-01_ms,-0.011436708706016699,1.0264215345873062,4.894502023580553e-05
G_tau_5p888002e-01_ms,G_tau_5p888002e-01_ms,-0.01233451457154011,1.0269673011794642,4.7884447812781896e-05
G_tau_6p144003e-01_ms,G_tau_6p144003e-01_ms,-0.011928255588693572,1.0263663583445108,4.5711615318044804e-05
G_tau_6p400003e-01_ms,G_tau_6p400003e-01_ms,-0.01134712026776162,1.025566970508991,4.197407435029062e-05
G_tau_6p656003e-01_ms,G_tau_6p656003e-01_ms,-0.011599661314884638,1.0255609174326328,3.989011330682588e-05
G_tau_6p912003e-01_ms,G_tau_6p912003e-01_ms,-0.011483980742573075,1.0252427235744614,3.906549430668444e-05
G_tau_7p168003e-01_ms,G_tau_7p168003e-01_ms,-0.010177814738497173,1.0238509096308093,3.754522677898794e-05
G_tau_7p424004e-01_ms,G_tau_7p424004e-01_ms,-0.010824953845990606,1.0242447674891715,3.609477429368344e-05
G_tau_7p680004e-01_ms,G_tau_7p680004e-01_ms,-0.01096009894488112,1.0241527379795803,3.4564295013526815e-05
G_tau_7p936004e-01_ms,G_tau_7p936004e-01_ms,-0.00987554391688669,1.0229951460753568,3.231914500264182e-05
G_tau_8p192004e-01_ms,G_tau_8p192004e-01_ms,-0.009748475231454574,1.0227000276904523,3.104123302293044e-05
G_tau_8p704004e-01_ms,G_tau_8p704004e-01_ms,-0.009899771288294256,1.0224831325402517,2.7966429735452372e-05
G_tau_9p216004e-01_ms,G_tau_9p216004e-01_ms,-0.009711108266069315,1.0219746882300238,2.598563994044457e-05
G_tau_9p728004e-01_ms,G_tau_9p728004e-01_ms,-0.009717006378446316,1.021678003258327,2.4251777565707584e-05
G_tau_1p024000e+00_ms,G_tau_1p024000e+00_ms,-0.009422488628180816,1.021101780196289,2.157109520014567e-05
G_tau_1p075200e+00_ms,G_tau_1p075200e+00_ms,-0.008879433104823488,1.020346186871485,2.042898902001049e-05
G_tau_1p126400e+00_ms,G_tau_1p126400e+00_ms,-0.008896803139432443,1.0200856149407895,1.847647665679845e-05
G_tau_1p177600e+00_ms,G_tau_1p177600e+00_ms,-0.00919348079950299,1.0201117222850014,1.7586456025388676e-05
G_tau_1p228801e+00_ms,G_tau_1p228801e+00_ms,-0.008775035443653616,1.0194793235490283,1.5538960221079715e-05
G_tau_1p280001e+00_ms,G_tau_1p280001e+00_ms,-0.008499678872897338,1.0190016742804784,1.4177611198749166e-05
G_tau_1p331201e+00_ms,G_tau_1p331201e+00_ms,-0.008531143847103356,1.018827854338059,1.3571432096219481e-05
G_tau_1p382401e+00_ms,G_tau_1p382401e+00_ms,-0.00842089480184753,1.0185018995541215,1.2498277925635849e-05
G_tau_1p433601e+00_ms,G_tau_1p433601e+00_ms,-0.007989280677475475,1.01792623539345,1.169387894636579e-05
G_tau_1p484801e+00_ms,G_tau_1p484801e+00_ms,-0.007677965192709885,1.0174458001199007,1.0584644409892427e-05
G_tau_1p536001e+00_ms,G_tau_1p536001e+00_ms,-0.007812704891094301,1.017378862957194,1.0145884663837898e-05
G_tau_1p587201e+00_ms,G_tau_1p587201e+00_ms,-0.007632205258234839,1.0170509848233336,9.353279004644122e-06
G_tau_1p638401e+00_ms,G_tau_1p638401e+00_ms,-0.007452460711179577,1.0167233267633005,8.699697034362904e-06
G_tau_1p740801e+00_ms,G_tau_1p740801e+00_ms,-0.007275596389264059,1.0162331283577883,7.403469445277745e-06
G_tau_1p843201e+00_ms,G_tau_1p843201e+00_ms,-0.007046351619669048,1.0157302451190806,6.596323822013378e-06
G_tau_1p945601e+00_ms,G_tau_1p945601e+00_ms,-0.006869666302261491,1.0153056839149979,5.829106393292184e-06
G_tau_2p048001e+00_ms,G_tau_2p048001e+00_ms,-0.006703447172088781,1.014879928103229,5.048940323517612e-06
G_tau_2p150401e+00_ms,G_tau_2p150401e+00_ms,-0.006481689476625488,1.0144380295251807,4.563325230965255e-06
G_tau_2p252801e+00_ms,G_tau_2p252801e+00_ms,-0.006295725538483561,1.0140461557591784,4.032826481223976e-06
G_tau_2p355201e+00_ms,G_tau_2p355201e+00_ms,-0.00643365068439401,1.0139545645833938,3.5838636321106093e-06
G_tau_2p457601e+00_ms,G_tau_2p457601e+00_ms,-0.006145980099007981,1.0134941181017358,3.2591597426953814e-06
G_tau_2p560001e+00_ms,G_tau_2p560001e+00_ms,-0.0061537261981646,1.013294175093233,3.168301162629928e-06
G_tau_2p662401e+00_ms,G_tau_2p662401e+00_ms,-0.005842134342820198,1.0128416974462842,2.803334446095664e-06
G_tau_2p764801e+00_ms,G_tau_2p764801e+00_ms,-0.005744919814690121,1.0125913654150185,2.514825072063564e-06
G_tau_2p867201e+00_ms,G_tau_2p867201e+00_ms,-0.0060456018755954835,1.0126856867904672,2.257103097255258e-06
G_tau_2p969601e+00_ms,G_tau_2p969601e+00_ms,-0.005954121321761657,1.0124427958682463,2.219167287140523e-06
G_tau_3p072002e+00_ms,G_tau_3p072002e+00_ms,-0.006356688633113508,1.0126546222567863,2.2616680819430603e-06
G_tau_3p174402e+00_ms,G_tau_3p174402e+00_ms,-0.00604973835834336,1.0122310415554407,1.997389060753515e-06
G_tau_3p276802e+00_ms,G_tau_3p276802e+00_ms,-0.005691137335218316,1.011784109777222,2.2188840913490166e-06
G_tau_3p481602e+00_ms,G_tau_3p481602e+00_ms,-0.0055979911192088295,1.0114424806958866,2.066359683236087e-06
G_tau_3p686402e+00_ms,G_tau_3p686402e+00_ms,-0.0057513975543756115,1.0113447892111207,2.081860985899284e-06
G_tau_3p891201e+00_ms,G_tau_3p891201e+00_ms,-0.005470350821336829,1.0108761016130299,2.3193714647079955e-06
G_tau_4p096001e+00_ms,G_tau_4p096001e+00_ms,-0.0053146822603694485,1.0105321811287464,2.3452431813338634e-06
G_tau_4p300802e+00_ms,G_tau_4p300802e+00_ms,-0.005184042670099258,1.0102290996490033,2.405523344792007e-06
G_tau_4p505602e+00_ms,G_tau_4p505602e+00_ms,-0.005110100436264404,1.0099852871479653,2.6541521822085597e-06
G_tau_4p710402e+00_ms,G_tau_4p710402e+00_ms,-0.0048685135352536145,1.0096154906665673,2.784893025393727e-06
G_tau_4p915202e+00_ms,G_tau_4p915202e+00_ms,-0.004930775091770018,1.0095214354359079,2.9709554138042747e-06
G_tau_5p120002e+00_ms,G_tau_5p120002e+00_ms,-0.004953681800786279,1.0094011283398407,3.066849677117893e-06
G_tau_5p324802e+00_ms,G_tau_5p324802e+00_ms,-0.005155431250481356,1.0094559235993854,3.335378585155594e-06
G_tau_5p529603e+00_ms,G_tau_5p529603e+00_ms,-0.0044847555888389385,1.0087255828393475,3.6273458247565298e-06
G_tau_5p734403e+00_ms,G_tau_5p734403e+00_ms,-0.004757870061244325,1.008853842577505,3.7805341127537997e-06
G_tau_5p939203e+00_ms,G_tau_5p939203e+00_ms,-0.00488254564658733,1.0088522319764863,4.054510357437046e-06
G_tau_6p144003e+00_ms,G_tau_6p144003e+00_ms,-0.004568042917414941,1.0084623809288027,4.182611001297259e-06
G_tau_6p348803e+00_ms,G_tau_6p348803e+00_ms,-0.00447905080033058,1.008278008714967,4.375372231503226e-06
G_tau_6p553603e+00_ms,G_tau_6p553603e+00_ms,-0.00453795294904154,1.008228270257186,4.61071111010183e-06
G_tau_6p963203e+00_ms,G_tau_6p963203e+00_ms,-0.004327596829085576,1.0078751036881695,5.076388526672019e-06
G_tau_7p372803e+00_ms,G_tau_7p372803e+00_ms,-0.004304624322091801,1.0076937156344543,5.518655752154302e-06
G_tau_7p782403e+00_ms,G_tau_7p782403e+00_ms,-0.004121300361832461,1.0073769505142833,6.011150798380647e-06
G_tau_8p192003e+00_ms,G_tau_8p192003e+00_ms,-0.003921160350793472,1.007062934090943,6.386705963253238e-06
G_tau_8p601603e+00_ms,G_tau_8p601603e+00_ms,-0.00398021522511067,1.0069847411743111,6.758473151887411e-06
G_tau_9p011203e+00_ms,G_tau_9p011203e+00_ms,-0.004146888826705127,1.0070217439353621,7.123377591386978e-06
G_tau_9p420804e+00_ms,G_tau_9p420804e+00_ms,-0.0038667847759388135,1.006661284925241,7.41680128886144e-06
G_tau_9p830404e+00_ms,G_tau_9p830404e+00_ms,-0.003847600043204858,1.0065472582703199,7.650491959483223e-06
G_tau_1p024000e+01_ms,G_tau_1p024000e+01_ms,-0.003921574904346975,1.0065218726489744,7.917494691341978e-06
G_tau_1p064960e+01_ms,G_tau_1p064960e+01_ms,-0.004088113873608425,1.0065804596703845,8.305566062152983e-06
G_tau_1p105921e+01_ms,G_tau_1p105921e+01_ms,-0.004047941955787695,1.006473227806624,8.618047865428978e-06
G_tau_1p146881e+01_ms,G_tau_1p146881e+01_ms,-0.0039795695717920986,1.0063337097802705,8.750027134688521e-06
G_tau_1p187841e+01_ms,G_tau_1p187841e+01_ms,-0.0038695243352736236,1.00615689163143,9.241865993226471e-06
G_tau_1p228801e+01_ms,G_tau_1p228801e+01_ms,-0.004033065497390775,1.0062400730374756,9.241506852459145e-06
G_tau_1p269761e+01_ms,G_tau_1p269761e+01_ms,-0.0036075090749938953,1.005790571033325,9.61136821882218e-06
G_tau_1p310721e+01_ms,G_tau_1p310721e+01_ms,-0.004080183924780846,1.0061595111486246,9.796962971494985e-06
G_tau_1p392641e+01_ms,G_tau_1p392641e+01_ms,-0.003975310372735605,1.0059534726491102,1.0429116450430907e-05
G_tau_1p474561e+01_ms,G_tau_1p474561e+01_ms,-0.0036562385814460363,1.0055746985371825,1.0743096698259668e-05
G_tau_1p556481e+01_ms,G_tau_1p556481e+01_ms,-0.003676508581487421,1.0055039448067455,1.0829870266917208e-05
G_tau_1p638401e+01_ms,G_tau_1p638401e+01_ms,-0.003707703392388638,1.0054423834912614,1.1155290524100881e-05
G_tau_1p720321e+01_ms,G_tau_1p720321e+01_ms,-0.0036359865180708288,1.0053079682928454,1.1400075211172542e-05
G_tau_1p802241e+01_ms,G_tau_1p802241e+01_ms,-0.003737406394387601,1.0053383075248952,1.1591879110517446e-05
G_tau_1p884161e+01_ms,G_tau_1p884161e+01_ms,-0.0039444580819629664,1.005461612710974,1.1935932190810224e-05
G_tau_1p966081e+01_ms,G_tau_1p966081e+01_ms,-0.003967825365314374,1.005422376198557,1.2156446987608561e-05
G_tau_2p048001e+01_ms,G_tau_2p048001e+01_ms,-0.003788824099542087,1.005210586756701,1.238685066299107e-05
G_tau_2p129921e+01_ms,G_tau_2p129921e+01_ms,-0.003702786799775311,1.005076763567842,1.2524675562045145e-05
G_tau_2p211841e+01_ms,G_tau_2p211841e+01_ms,-0.0034041754714071075,1.0047650649823874,1.297114768260118e-05
G_tau_2p293761e+01_ms,G_tau_2p293761e+01_ms,-0.003235309060489768,1.00456592127289,1.3041527539510334e-05
G_tau_2p375681e+01_ms,G_tau_2p375681e+01_ms,-0.0033036967962092666,1.0045839075604488,1.312474643576485e-05
G_tau_2p457601e+01_ms,G_tau_2p457601e+01_ms,-0.0035443523324526186,1.0047649401107743,1.3263103463340729e-05
G_tau_2p539521e+01_ms,G_tau_2p539521e+01_ms,-0.003583837477682926,1.0047704220249594,1.342309955591174e-05
G_tau_2p621441e+01_ms,G_tau_2p621441e+01_ms,-0.0037942646169537787,1.0049244702268607,1.3573338473217805e-05
G_tau_2p785281e+01_ms,G_tau_2p785281e+01_ms,-0.0040000890517642666,1.005045383489125,1.3656499902614381e-05
G_tau_2p949121e+01_ms,G_tau_2p949121e+01_ms,-0.0036676659614044956,1.004690249055332,1.3959319642721149e-05
G_tau_3p112961e+01_ms,G_tau_3p112961e+01_ms,-0.003668903743877434,1.0046362185685627,1.4237921931984648e-05
G_tau_3p276801e+01_ms,G_tau_3p276801e+01_ms,-0.0036021498361140836,1.004523487452891,1.438241932025723e-05
G_tau_3p440641e+01_ms,G_tau_3p440641e+01_ms,-0.003678860739545771,1.0045563190318514,1.465096294052047e-05
G_tau_3p604481e+01_ms,G_tau_3p604481e+01_ms,-0.0038520473835475743,1.0046732771296543,1.468469013826411e-05
G_tau_3p768321e+01_ms,G_tau_3p768321e+01_ms,-0.0038955158053845325,1.0046829996565199,1.4899828588815927e-05
G_tau_3p932162e+01_ms,G_tau_3p932162e+01_ms,-0.003655068734425265,1.0044454715379718,1.523257027729335e-05
G_tau_4p096002e+01_ms,G_tau_4p096002e+01_ms,-0.0035484011975219394,1.00431396659514,1.537893098505371e-05
G_tau_4p259842e+01_ms,G_tau_4p259842e+01_ms,-0.004045824283592876,1.004727585806419,1.5669085307278743e-05
G_tau_4p423682e+01_ms,G_tau_4p423682e+01_ms,-0.004180763388654374,1.0048147813458592,1.5756044142280552e-05
G_tau_4p587522e+01_ms,G_tau_4p587522e+01_ms,-0.0038911824360898088,1.004530037168242,1.5701890000444786e-05
G_tau_4p751362e+01_ms,G_tau_4p751362e+01_ms,-0.004197665534558696,1.00478590502388,1.558052751598271e-05
G_tau_4p915202e+01_ms,G_tau_4p915202e+01_ms,-0.003904027079463803,1.0044986720994418,1.5804734629589416e-05
G_tau_5p079043e+01_ms,G_tau_5p079043e+01_ms,-0.003832707237359458,1.0044046798048971,1.6189931864266765e-05
G_tau_5p242883e+01_ms,G_tau_5p242883e+01_ms,-0.004088763661538396,1.0046067674856998,1.642879413545829e-05
G_tau_5p570563e+01_ms,G_tau_5p570563e+01_ms,-0.0038570865092763013,1.004380256528317,1.6563593749364874e-05
G_tau_5p898242e+01_ms,G_tau_5p898242e+01_ms,-0.0038299651078965535,1.0043347071661046,1.663320696751855e-05
G_tau_6p225922e+01_ms,G_tau_6p225922e+01_ms,-0.004017885519709278,1.004471147093898,1.6418884521258647e-05
G_tau_6p553602e+01_ms,G_tau_6p553602e+01_ms,-0.0038406772270658893,1.0042913231914463,1.6290428538551306e-05
G_tau_6p881282e+01_ms,G_tau_6p881282e+01_ms,-0.0038728836237720025,1.0043067565701405,1.6617952380518477e-05
G_tau_7p208963e+01_ms,G_tau_7p208963e+01_ms,-0.003853465517693038,1.0042600214115533,1.6533175144015846e-05
G_tau_7p536643e+01_ms,G_tau_7p536643e+01_ms,-0.00378397180245735,1.0041916379134523,1.667520503935144e-05
G_tau_7p864323e+01_ms,G_tau_7p864323e+01_ms,-0.003541938756784832,1.0039643519221828,1.704431432573945e-05
G_tau_8p192004e+01_ms,G_tau_8p192004e+01_ms,-0.00373028665281456,1.0041250601425196,1.711700276798802e-05
G_tau_8p519684e+01_ms,G_tau_8p519684e+01_ms,-0.003659496407620312,1.0040441773714635,1.7057873004590482e-05
G_tau_8p847364e+01_ms,G_tau_8p847364e+01_ms,-0.003839504295917859,1.004187070709499,1.7076299725831076e-05
G_tau_9p175044e+01_ms,G_tau_9p175044e+01_ms,-0.0033229168560026602,1.0037064430504907,1.7001176197897908e-05
G_tau_9p502725e+01_ms,G_tau_9p502725e+01_ms,-0.0033457108910053637,1.0037126034694543,1.723670694449346e-05
G_tau_9p830405e+01_ms,G_tau_9p830405e+01_ms,-0.0033414881750434867,1.0037033080244375,1.7286668727337763e-05
G_tau_1p015809e+02_ms,G_tau_1p015809e+02_ms,-0.0035038897758806814,1.0038491531259444,1.7268071812407117e-05
G_tau_1p048577e+02_ms,G_tau_1p048577e+02_ms,-0.0032462010215650876,1.0035972888841842,1.7356362761721925e-05
G_tau_1p114113e+02_ms,G_tau_1p114113e+02_ms,-0.003739379659535494,1.0040248432342165,1.7234628589464064e-05
G_tau_1p179648e+02_ms,G_tau_1p179648e+02_ms,-0.003670409701115942,1.003940836769139,1.7298647843497617e-05
G_tau_1p245184e+02_ms,G_tau_1p245184e+02_ms,-0.0037137369147108652,1.0039677967721323,1.721464927154054e-05
G_tau_1p310720e+02_ms,G_tau_1p310720e+02_ms,-0.003814994353138671,1.0040522408766601,1.7531158547918703e-05
G_tau_1p376256e+02_ms,G_tau_1p376256e+02_ms,-0.0034857725108191507,1.0037576256374137,1.7429595090247078e-05
G_tau_1p441793e+02_ms,G_tau_1p441793e+02_ms,-0.0035413784457131036,1.0037959876848928,1.715630876374505e-05
G_tau_1p507329e+02_ms,G_tau_1p507329e+02_ms,-0.0034725684596795753,1.0037220332354828,1.725423283440064e-05
G_tau_1p572865e+02_ms,G_tau_1p572865e+02_ms,-0.003383392257087786,1.003624860189772,1.755071338272463e-05
G_tau_1p638401e+02_ms,G_tau_1p638401e+02_ms,-0.0032663604731633165,1.0035227091132897,1.7643712018831072e-05
G_tau_1p703937e+02_ms,G_tau_1p703937e+02_ms,-0.0034520452810561848,1.0036931062221277,1.7417967862431245e-05
G_tau_1p769473e+02_ms,G_tau_1p769473e+02_ms,-0.0032374404697950547,1.003499098273568,1.7543638270006073e-05
G_tau_1p835009e+02_ms,G_tau_1p835009e+02_ms,-0.003279676608130069,1.0035201062001702,1.776422825445925e-05
G_tau_1p900545e+02_ms,G_tau_1p900545e+02_ms,-0.0035067744013611924,1.00371620762097,1.7621804665269664e-05
G_tau_1p966081e+02_ms,G_tau_1p966081e+02_ms,-0.0036759124214209202,1.0038677530862015,1.771235617413057e-05
G_tau_2p031617e+02_ms,G_tau_2p031617e+02_ms,-0.003931247953041191,1.004082742151673,1.769728966951177e-05
G_tau_2p097153e+02_ms,G_tau_2p097153e+02_ms,-0.0038146156018888174,1.0039727888510763,1.751735293983063e-05
G_tau_2p228225e+02_ms,G_tau_2p228225e+02_ms,-0.0038687839225186697,1.0040040255760938,1.763279629091323e-05
G_tau_2p359297e+02_ms,G_tau_2p359297e+02_ms,-0.0033815716139791348,1.003559506292705,1.751406556943554e-05
G_tau_2p490369e+02_ms,G_tau_2p490369e+02_ms,-0.0034390652149068244,1.0036008502996248,1.757036936444962e-05
G_tau_2p621441e+02_ms,G_tau_2p621441e+02_ms,-0.0033265030518529505,1.0035055107159292,1.7723410789630877e-05
G_tau_2p752513e+02_ms,G_tau_2p752513e+02_ms,-0.0033282451108911193,1.003505021676048,1.7436254283730655e-05
G_tau_2p883585e+02_ms,G_tau_2p883585e+02_ms,-0.0033760706236265698,1.0035310006121494,1.7387862732188398e-05
G_tau_3p014657e+02_ms,G_tau_3p014657e+02_ms,-0.003106746894137013,1.0032896821978114,1.750369457457316e-05
G_tau_3p145729e+02_ms,G_tau_3p145729e+02_ms,-0.0032395921710889914,1.0033998093128886,1.802071224665929e-05
G_tau_3p276801e+02_ms,G_tau_3p276801e+02_ms,-0.0033242956834971062,1.0034779249417665,1.7860614534032425e-05
G_tau_3p407874e+02_ms,G_tau_3p407874e+02_ms,-0.003390249794274647,1.0035312346734868,1.7828324859257363e-05
G_tau_3p538946e+02_ms,G_tau_3p538946e+02_ms,-0.0035828875805076128,1.0037005029000416,1.7755019741899035e-05
G_tau_3p670018e+02_ms,G_tau_3p670018e+02_ms,-0.0033940658636197395,1.0035226122611614,1.780093267385245e-05
G_tau_3p801090e+02_ms,G_tau_3p801090e+02_ms,-0.0034480787218557265,1.003565957818073,1.7962417147277897e-05
G_tau_3p932162e+02_ms,G_tau_3p932162e+02_ms,-0.003420952682182433,1.0035447656754874,1.7404668735956132e-05
G_tau_4p063234e+02_ms,G_tau_4p063234e+02_ms,-0.002978066451894058,1.0031597510874022,1.7522743580272404e-05
G_tau_4p194306e+02_ms,G_tau_4p194306e+02_ms,-0.0032961400105109228,1.0034260151625654,1.7880683084868344e-05
G_tau_4p456450e+02_ms,G_tau_4p456450e+02_ms,-0.003403592808381984,1.003514339866013,1.769504092942392e-05
G_tau_4p718594e+02_ms,G_tau_4p718594e+02_ms,-0.0037618408599739144,1.0038327971965761,1.7536624063592675e-05
G_tau_4p980738e+02_ms,G_tau_4p980738e+02_ms,-0.003563872008919844,1.0036600160157934,1.7530335892483888e-05
G_tau_5p242882e+02_ms,G_tau_5p242882e+02_ms,-0.0032415860239800726,1.0033576202341803,1.8030005640654334e-05
G_tau_5p505026e+02_ms,G_tau_5p505026e+02_ms,-0.003243346423899923,1.0033668453079374,1.782061490025143e-05
G_tau_5p767170e+02_ms,G_tau_5p767170e+02_ms,-0.003380646660180695,1.003491157180319,1.7293224785521826e-05
G_tau_6p029314e+02_ms,G_tau_6p029314e+02_ms,-0.003519846267946595,1.0036102887429161,1.7483620467896776e-05
G_tau_6p291459e+02_ms,G_tau_6p291459e+02_ms,-0.0034526274463512877,1.0035431854392678,1.7239281931602683e-05
G_tau_6p553603e+02_ms,G_tau_6p553603e+02_ms,-0.0029314229629068943,1.0030846623023397,1.715185129843526e-05
G_tau_6p815747e+02_ms,G_tau_6p815747e+02_ms,-0.0033111749044548804,1.0034193114834078,1.7155245448613106e-05
G_tau_7p077891e+02_ms,G_tau_7p077891e+02_ms,-0.0034642840871323593,1.0035460476049982,1.7428278442297935e-05
G_tau_7p340035e+02_ms,G_tau_7p340035e+02_ms,-0.003303249269596104,1.003386946361349,1.7697036435491485e-05
G_tau_7p602180e+02_ms,G_tau_7p602180e+02_ms,-0.0037107231468740194,1.0037569632605798,1.7781777524106668e-05
G_tau_7p864324e+02_ms,G_tau_7p864324e+02_ms,-0.0034864663520223823,1.0035594273568729,1.7487081537889434e-05
G_tau_8p126468e+02_ms,G_tau_8p126468e+02_ms,-0.0033786196434973763,1.0034602461748248,1.7667127982884756e-05
G_tau_8p388612e+02_ms,G_tau_8p388612e+02_ms,-0.0034558035198076296,1.0035341457783509,1.7747405543868355e-05
G_tau_8p912900e+02_ms,G_tau_8p912900e+02_ms,-0.003781135057467248,1.0038221171055732,1.7337182291460315e-05
G_tau_9p437188e+02_ms,G_tau_9p437188e+02_ms,-0.003577187709910462,1.00364465816949,1.7348658481502923e-05
G_tau_9p961476e+02_ms,G_tau_9p961476e+02_ms,-0.0036681441039030727,1.003718883062248,1.7197569306814552e-05
G_tau_1p048576e+03_ms,G_tau_1p048576e+03_ms,-0.003365392909598459,1.003436342598256,1.7279090819451923e-05
G_tau_1p101005e+03_ms,G_tau_1p101005e+03_ms,-0.0031481906965425484,1.003233814042787,1.756126627156932e-05
G_tau_1p153434e+03_ms,G_tau_1p153434e+03_ms,-0.0034070130782650836,1.0034633751966524,1.762518959262237e-05
G_tau_1p205863e+03_ms,G_tau_1p205863e+03_ms,-0.003554043167687162,1.003603611868208,1.7694240494416428e-05
G_tau_1p258292e+03_ms,G_tau_1p258292e+03_ms,-0.0031395526678354357,1.0032369783529782,1.7357245580507505e-05
G_tau_1p310721e+03_ms,G_tau_1p310721e+03_ms,-0.003353803736300166,1.0034328702557187,1.7495454976076177e-05
G_tau_1p363149e+03_ms,G_tau_1p363149e+03_ms,-0.003609940134040381,1.003664631660342,1.7366631608713298e-05
G_tau_1p415578e+03_ms,G_tau_1p415578e+03_ms,-0.003613851747841167,1.003670453701585,1.735720428146005e-05
G_tau_1p468007e+03_ms,G_tau_1p468007e+03_ms,-0.0031238695263717683,1.0032204687748933,1.7378778110509533e-05
G_tau_1p520436e+03_ms,G_tau_1p520436e+03_ms,-0.0031167918692409096,1.0032195726285498,1.7194338422486898e-05
G_tau_1p572865e+03_ms,G_tau_1p572865e+03_ms,-0.003163683055430924,1.0032503281692442,1.7296500003866746e-05
G_tau_1p625294e+03_ms,G_tau_1p625294e+03_ms,-0.0037403263359491843,1.0037779003906877,1.733414237218268e-05
G_tau_1p677722e+03_ms,G_tau_1p677722e+03_ms,-0.0031869668927506276,1.0032802057396746,1.753138363427011e-05
G_tau_1p782580e+03_ms,G_tau_1p782580e+03_ms,-0.0033024964527424133,1.0033877283146786,1.7242081690200914e-05
G_tau_1p887438e+03_ms,G_tau_1p887438e+03_ms,-0.0034620705506542655,1.0035200222291172,1.728742837570753e-05
G_tau_1p992295e+03_ms,G_tau_1p992295e+03_ms,-0.0034075043097537196,1.0034651777158985,1.738060091188831e-05
G_tau_2p097153e+03_ms,G_tau_2p097153e+03_ms,-0.0032680766626737743,1.0033371469606942,1.7347122842862444e-05
G_tau_2p202010e+03_ms,G_tau_2p202010e+03_ms,-0.0032789439160764173,1.0033479402245882,1.7184948231153045e-05
G_tau_2p306868e+03_ms,G_tau_2p306868e+03_ms,-0.003629681196534983,1.00365458945006,1.7324098017499718e-05
G_tau_2p411726e+03_ms,G_tau_2p411726e+03_ms,-0.003422857149745746,1.0034809649187126,1.747073549897798e-05
G_tau_2p516583e+03_ms,G_tau_2p516583e+03_ms,-0.0033470752789061804,1.0034167929144528,1.7431052540574047e-05
G_tau_2p621441e+03_ms,G_tau_2p621441e+03_ms,-0.003450513225860589,1.0035118237956597,1.713751274463442e-05
G_tau_2p726299e+03_ms,G_tau_2p726299e+03_ms,-0.0034488842775897716,1.0035052911652667,1.7186173546453563e-05
G_tau_2p831156e+03_ms,G_tau_2p831156e+03_ms,-0.003559220873728071,1.003608817351952,1.729706820496655e-05
G_tau_2p936014e+03_ms,G_tau_2p936014e+03_ms,-0.0037860510969296465,1.0038105092620615,1.7316265708973678e-05
G_tau_3p040872e+03_ms,G_tau_3p040872e+03_ms,-0.0033988107492963684,1.0034605196848672,1.729096367732291e-05
G_tau_3p145730e+03_ms,G_tau_3p145730e+03_ms,-0.0033021461642955222,1.0033677267187289,1.7135698030055667e-05
G_tau_3p250587e+03_ms,G_tau_3p250587e+03_ms,-0.003480324091364712,1.0035166578345736,1.7125001674385853e-05
G_tau_3p355445e+03_ms,G_tau_3p355445e+03_ms,-0.0034106344808095936,1.0034682834078554,1.722576322108255e-05
G_tau_3p565160e+03_ms,G_tau_3p565160e+03_ms,-0.003532116249408047,1.0035752784334795,1.7121165181871817e-05
G_tau_3p774875e+03_ms,G_tau_3p774875e+03_ms,-0.0035675354698494503,1.0036038504397486,1.7017337920253015e-05
G_tau_3p984590e+03_ms,G_tau_3p984590e+03_ms,-0.0033851073979658764,1.003436306191201,1.7038344537591736e-05
G_tau_4p194305e+03_ms,G_tau_4p194305e+03_ms,-0.003450673473896191,1.0035028010576021,1.6982395521316512e-05
G_tau_4p404021e+03_ms,G_tau_4p404021e+03_ms,-0.003453556795596524,1.0035076452968772,1.6989641080608273e-05
G_tau_4p613736e+03_ms,G_tau_4p613736e+03_ms,-0.0032702774387191754,1.0033418654814268,1.6864851398679334e-05
G_tau_4p823452e+03_ms,G_tau_4p823452e+03_ms,-0.003369280694789474,1.003427009259301,1.6812847355898346e-05
G_tau_5p033167e+03_ms,G_tau_5p033167e+03_ms,-0.0035947371836648604,1.0036223374649074,1.705016003071375e-05
G_tau_5p242882e+03_ms,G_tau_5p242882e+03_ms,-0.003446168582180681,1.0034953989617368,1.6853014099167725e-05
G_tau_5p452598e+03_ms,G_tau_5p452598e+03_ms,-0.0033475719272264694,1.0034028161823707,1.707750668160432e-05
G_tau_5p662313e+03_ms,G_tau_5p662313e+03_ms,-0.003317299992567108,1.0033794292995362,1.674002767476378e-05
G_tau_5p872028e+03_ms,G_tau_5p872028e+03_ms,-0.0034983631979989185,1.0035376859482588,1.6790865210684632e-05
G_tau_6p081744e+03_ms,G_tau_6p081744e+03_ms,-0.0033248567496952457,1.0033807762173483,1.6586749969067968e-05
G_tau_6p291459e+03_ms,G_tau_6p291459e+03_ms,-0.00327087972815297,1.0033301922236098,1.6647788938964673e-05
G_tau_6p501174e+03_ms,G_tau_6p501174e+03_ms,-0.0035529929610484566,1.0035783099415931,1.6807701712029564e-05
G_tau_6p710890e+03_ms,G_tau_6p710890e+03_ms,-0.0035519739268851,1.0035854290473443,1.68511592686216e-05
G_tau_7p130320e+03_ms,G_tau_7p130320e+03_ms,-0.003433906574716568,1.003476673213595,1.6734717507647368e-05
G_tau_7p549750e+03_ms,G_tau_7p549750e+03_ms,-0.003406476533371935,1.003462093556509,1.6394550780769692e-05
G_tau_7p969181e+03_ms,G_tau_7p969181e+03_ms,-0.0032970294724421626,1.0033562189289489,1.6557578888846158e-05
G_tau_8p388611e+03_ms,G_tau_8p388611e+03_ms,-0.0033492156134908428,1.0034076937983694,1.6305947584854777e-05
G_tau_8p808042e+03_ms,G_tau_8p808042e+03_ms,-0.003148107900879834,1.0032184377976046,1.6501020363584327e-05
G_tau_9p227472e+03_ms,G_tau_9p227472e+03_ms,-0.0033370214811640183,1.003385224146724,1.6379029081056465e-05
G_tau_9p646903e+03_ms,G_tau_9p646903e+03_ms,-0.0032137376882367535,1.0032767191314107,1.623774680531127e-05
G_tau_1p006633e+04_ms,G_tau_1p006633e+04_ms,-0.003210897328718813,1.0032780746396441,1.6084289001136286e-05
G_tau_1p048576e+04_ms,G_tau_1p048576e+04_ms,-0.003392208315741397,1.0034344163012123,1.6064374712687136e-05
G_tau_1p090520e+04_ms,G_tau_1p090520e+04_ms,-0.0034220243345963867,1.0034623322170317,1.610053520522594e-05
G_tau_1p132463e+04_ms,G_tau_1p132463e+04_ms,-0.0034925160597629886,1.0035211641892552,1.5886190686662197e-05
G_tau_1p174406e+04_ms,G_tau_1p174406e+04_ms,-0.00329172679569177,1.0033422336103135,1.5804227752452538e-05
G_tau_1p216349e+04_ms,G_tau_1p216349e+04_ms,-0.003112995852212186,1.0031784197744769,1.57772045842334e-05
G_tau_1p258292e+04_ms,G_tau_1p258292e+04_ms,-0.0032414543530282568,1.0032875730494288,1.585398108437057e-05
G_tau_1p300235e+04_ms,G_tau_1p300235e+04_ms,-0.00334849953210192,1.0033904562996825,1.580759591676518e-05
G_tau_1p342178e+04_ms,G_tau_1p342178e+04_ms,-0.003011365834228052,1.0030882496129119,1.556602727020235e-05
G_tau_1p426064e+04_ms,G_tau_1p426064e+04_ms,-0.003312694536637205,1.0033520487198249,1.5600256628615852e-05
G_tau_1p509950e+04_ms,G_tau_1p509950e+04_ms,-0.0031752574318757464,1.0032315941099526,1.5437683734942112e-05
G_tau_1p593836e+04_ms,G_tau_1p593836e+04_ms,-0.0032205183717023533,1.0032653340423126,1.533842286946872e-05
G_tau_1p677722e+04_ms,G_tau_1p677722e+04_ms,-0.003159573574437432,1.0032113384376458,1.5225710560446502e-05
G_tau_1p761608e+04_ms,G_tau_1p761608e+04_ms,-0.0031467759910863164,1.0032049910060128,1.5152062873304473e-05
G_tau_1p845494e+04_ms,G_tau_1p845494e+04_ms,-0.003137334265692576,1.0031929622663103,1.5076941109116699e-05
G_tau_1p929381e+04_ms,G_tau_1p929381e+04_ms,-0.0033085865553149764,1.0033367535099016,1.4880994834793147e-05
G_tau_2p013267e+04_ms,G_tau_2p013267e+04_ms,-0.0032025940051308445,1.003244365259475,1.4820949710234478e-05
G_tau_2p097153e+04_ms,G_tau_2p097153e+04_ms,-0.0032819229851338127,1.0033135268259825,1.460720332908032e-05
G_tau_2p181039e+04_ms,G_tau_2p181039e+04_ms,-0.0032503348794253087,1.0032831617585394,1.4464800927020914e-05
G_tau_2p264925e+04_ms,G_tau_2p264925e+04_ms,-0.003211315998233719,1.0032479077841059,1.4732142985775554e-05
G_tau_2p348811e+04_ms,G_tau_2p348811e+04_ms,-0.0030878715510713065,1.0031385183257557,1.4616475148459664e-05
G_tau_2p432697e+04_ms,G_tau_2p432697e+04_ms,-0.003179236331685596,1.0032175717213447,1.4465691508978784e-05
G_tau_2p516584e+04_ms,G_tau_2p516584e+04_ms,-0.0031381125858198117,1.0031812553711978,1.433871311611455e-05
G_tau_2p600470e+04_ms,G_tau_2p600470e+04_ms,-0.0031333647112499427,1.00317473164075,1.4271579943599662e-05
G_tau_2p684356e+04_ms,G_tau_2p684356e+04_ms,-0.003119451268779027,1.0031576008990746,1.4104260622580523e-05
G_tau_2p852128e+04_ms,G_tau_2p852128e+04_ms,-0.0031752397614680144,1.0032092987771557,1.4007698040027182e-05
G_tau_3p019900e+04_ms,G_tau_3p019900e+04_ms,-0.0029864199761112284,1.0030398598639712,1.3916980382460876e-05
G_tau_3p187672e+04_ms,G_tau_3p187672e+04_ms,-0.002938743090347912,1.0029985273526139,1.3778375628659009e-05
G_tau_3p355444e+04_ms,G_tau_3p355444e+04_ms,-0.003033594849365853,1.0030770324966802,1.3510677367697625e-05
G_tau_3p523217e+04_ms,G_tau_3p523217e+04_ms,-0.003027906866884232,1.0030717506601017,1.3309930470787612e-05
G_tau_3p690989e+04_ms,G_tau_3p690989e+04_ms,-0.003106793207630997,1.0031363372122217,1.3104859518563396e-05
G_tau_3p858761e+04_ms,G_tau_3p858761e+04_ms,-0.002980534521658081,1.0030198561446861,1.3001461929054611e-05
G_tau_4p026534e+04_ms,G_tau_4p026534e+04_ms,-0.0028438738117094364,1.002895899737742,1.2806166090209917e-05
G_tau_4p194306e+04_ms,G_tau_4p194306e+04_ms,-0.002833845030489165,1.0028861010478962,1.2617727346623693e-05
G_tau_4p362078e+04_ms,G_tau_4p362078e+04_ms,-0.002827254491530928,1.0028744492003683,1.2388446685021109e-05
G_tau_4p529850e+04_ms,G_tau_4p529850e+04_ms,-0.0027861020302274915,1.0028314117403296,1.2172665809826158e-05
G_tau_4p697623e+04_ms,G_tau_4p697623e+04_ms,-0.0027796002469943396,1.0028232914629056,1.1874409048873956e-05
G_tau_4p865395e+04_ms,G_tau_4p865395e+04_ms,-0.002801697710751926,1.002842399996025,1.186557880433771e-05
G_tau_5p033167e+04_ms,G_tau_5p033167e+04_ms,-0.0027599130821929292,1.0028041181908522,1.1729033142631295e-05
G_tau_5p200940e+04_ms,G_tau_5p200940e+04_ms,-0.002845661350282573,1.002878353603548,1.1495466891812735e-05
G_tau_5p368712e+04_ms,G_tau_5p368712e+04_ms,-0.0028009404682939995,1.002837773449915,1.1279329074719097e-05
G_tau_5p704256e+04_ms,G_tau_5p704256e+04_ms,-0.00266647743690428,1.0027092146144858,1.0944782514862361e-05
G_tau_6p039800e+04_ms,G_tau_6p039800e+04_ms,-0.0026088504501510807,1.0026553150725066,1.056328904385771e-05
G_tau_6p375344e+04_ms,G_tau_6p375344e+04_ms,-0.0024424476546910535,1.0025036178952105,1.0223227117776466e-05
G_tau_6p710889e+04_ms,G_tau_6p710889e+04_ms,-0.0025660425136698442,1.002605096282036,9.896439352301717e-06
G_tau_7p046433e+04_ms,G_tau_7p046433e+04_ms,-0.0024536853977923804,1.0025008398944468,9.542075361016726e-06
G_tau_7p381978e+04_ms,G_tau_7p381978e+04_ms,-0.0024874647938411603,1.0025305218259541,9.239711162877252e-06
G_tau_7p717522e+04_ms,G_tau_7p717522e+04_ms,-0.0024277437673472873,1.0024673673068973,8.98124601594686e-06
G_tau_8p053067e+04_ms,G_tau_8p053067e+04_ms,-0.0024119212032794463,1.0024512877093807,8.696089512725854e-06
G_tau_8p388612e+04_ms,G_tau_8p388612e+04_ms,-0.0022547177724221226,1.0023056254657043,8.487860651642493e-06
G_tau_8p724156e+04_ms,G_tau_8p724156e+04_ms,-0.002438065280086338,1.002463011623926,8.439538479298191e-06
G_tau_9p059701e+04_ms,G_tau_9p059701e+04_ms,-0.0022831024375916218,1.0023246148342935,8.302974409493596e-06
G_tau_9p395245e+04_ms,G_tau_9p395245e+04_ms,-0.0023151543485816447,1.0023543374629336,8.253862551235224e-06
G_tau_9p730790e+04_ms,G_tau_9p730790e+04_ms,-0.0022211125113807233,1.0022664309305043,7.930830943170605e-06
G_tau_1p006633e+05_ms,G_tau_1p006633e+05_ms,-0.002339319317104485,1.0023700977204284,7.644379469868554e-06
G_tau_1p040188e+05_ms,G_tau_1p040188e+05_ms,-0.0021930074752484585,1.002232861846532,7.43184737282101e-06
G_tau_1p073742e+05_ms,G_tau_1p073742e+05_ms,-0.002229043885147315,1.0022587602708077,7.248239038928172e-06
G_tau_1p140851e+05_ms,G_tau_1p140851e+05_ms,-0.0020858507321666396,1.0021167630121164,6.4711476283197365e-06
G_tau_1p207960e+05_ms,G_tau_1p207960e+05_ms,-0.0018712472865877994,1.0019142176473401,6.02751318282579e-06
G_tau_1p275069e+05_ms,G_tau_1p275069e+05_ms,-0.0017793368068425314,1.0018255267056289,5.61664814599082e-06
G_tau_1p342178e+05_ms,G_tau_1p342178e+05_ms,-0.001786791078145398,1.0018262866045815,5.179696657892379e-06
G_tau_1p409287e+05_ms,G_tau_1p409287e+05_ms,-0.0018485199921148604,1.0018754759475403,4.928877529331395e-06
G_tau_1p476396e+05_ms,G_tau_1p476396e+05_ms,-0.0018109131519432758,1.0018299926293828,4.67753807955575e-06
G_tau_1p543504e+05_ms,G_tau_1p543504e+05_ms,-0.001754378393839774,1.0017740689215455,4.290831352698946e-06
G_tau_1p610613e+05_ms,G_tau_1p610613e+05_ms,-0.0017930098175403782,1.0018045608192165,4.041231795506333e-06
G_tau_1p677722e+05_ms,G_tau_1p677722e+05_ms,-0.0016343103963460082,1.0016593938251863,3.7894725313186575e-06
G_tau_1p744831e+05_ms,G_tau_1p744831e+05_ms,-0.0015034028443963662,1.001537013848476,3.5780469418820262e-06
G_tau_1p811940e+05_ms,G_tau_1p811940e+05_ms,-0.0014435678342889014,1.0014759165834997,3.332955728054724e-06
G_tau_1p879049e+05_ms,G_tau_1p879049e+05_ms,-0.0013902141324972591,1.0014212531211437,3.1138143357752716e-06
G_tau_1p946158e+05_ms,G_tau_1p946158e+05_ms,-0.00133922436114371,1.0013701334926453,2.976975885909332e-06
G_tau_2p013267e+05_ms,G_tau_2p013267e+05_ms,-0.0013203313708174285,1.001346549308474,2.8151990497636273e-06
G_tau_2p080376e+05_ms,G_tau_2p080376e+05_ms,-0.001351726842310314,1.0013701127245174,2.6693056405146557e-06
G_tau_2p147485e+05_ms,G_tau_2p147485e+05_ms,-0.0013853502187139467,1.0013942688991424,2.47106746124189e-06
G_tau_2p281702e+05_ms,G_tau_2p281702e+05_ms,-0.0012047677288187363,1.0012198781016304,2.135285461583809e-06
G_tau_2p415920e+05_ms,G_tau_2p415920e+05_ms,-0.001114311526381008,1.0011290228242549,1.8771116825563334e-06
G_tau_2p550138e+05_ms,G_tau_2p550138e+05_ms,-0.00102451425142917,1.0010403744368743,1.6532626561966844e-06
G_tau_2p684355e+05_ms,G_tau_2p684355e+05_ms,-0.0009941359811093094,1.001007801641061,1.3982208620239233e-06
G_tau_2p818573e+05_ms,G_tau_2p818573e+05_ms,-0.000853854893307748,1.000872837938408,1.2219033909403835e-06
G_tau_2p952791e+05_ms,G_tau_2p952791e+05_ms,-0.0006371601761237267,1.0006681764333367,1.0417056610829262e-06
G_tau_3p087009e+05_ms,G_tau_3p087009e+05_ms,-0.0006431454181049337,1.0006678943061855,9.062036348974235e-07
G_tau_3p221227e+05_ms,G_tau_3p221227e+05_ms,-0.0005980721047717667,1.0006196583693387,8.071924441654717e-07
G_tau_3p355445e+05_ms,G_tau_3p355445e+05_ms,-0.0006565954667846556,1.000664863308849,6.594758932277766e-07
G_tau_3p489662e+05_ms,G_tau_3p489662e+05_ms,-0.0006323806199733139,1.0006339153065804,5.083073589547836e-07
G_tau_3p623880e+05_ms,G_tau_3p623880e+05_ms,-0.0004955589534215104,1.0005026105500903,3.9382711169975555e-07
G_tau_3p758098e+05_ms,G_tau_3p758098e+05_ms,-0.00046781251741743557,1.0004756913970962,3.3768708407937955e-07
G_tau_3p892316e+05_ms,G_tau_3p892316e+05_ms,-0.00039462006167744233,1.0004006646823436,2.665129383831292e-07
G_tau_4p026534e+05_ms,G_tau_4p026534e+05_ms,-0.00038040555259475175,1.0003820581393585,2.1901387593033178e-07
G_tau_4p160752e+05_ms,G_tau_4p160752e+05_ms,-0.0003663458618858714,1.00036666718909,1.4703300987941194e-07
