data_column,species,fitted_species,scale_initial_guess,scale_fitted_value,scale_lower_bound,scale_upper_bound,scale_fixed,scale_fixed_value,offset_initial_guess,offset_fitted_value,offset_lower_bound,offset_upper_bound,offset_fixed,offset_fixed_value
G_tau_1p000000e-03_ms,A,A,1.0,0.036377051718375665,-1000000.0,1000000.0,False,,0.0,1.0026344235460525,-1000000.0,1000000.0,False,
G_tau_1p050000e-03_ms,A,A,1.0,0.053290914709608055,-1000000.0,1000000.0,False,,0.0,0.9916016400649523,-1000000.0,1000000.0,False,
G_tau_1p100000e-03_ms,A,A,1.0,0.049547062270562846,-1000000.0,1000000.0,False,,0.0,0.9958607648937664,-1000000.0,1000000.0,False,
G_tau_1p150000e-03_ms,A,A,1.0,0.046614814195134205,-1000000.0,1000000.0,False,,0.0,0.9943247664061506,-1000000.0,1000000.0,False,
G_tau_1p200000e-03_ms,A,A,1.0,0.040409137548952374,-1000000.0,1000000.0,False,,0.0,1.0007367469139203,-1000000.0,1000000.0,False,
G_tau_1p250001e-03_ms,A,A,1.0,0.032565451078278566,-1000000.0,1000000.0,False,,0.0,1.0060871558023154,-1000000.0,1000000.0,False,
G_tau_1p300001e-03_ms,A,A,1.0,0.0447335552281764,-1000000.0,1000000.0,False,,0.0,0.996951759530786,-1000000.0,1000000.0,False,
G_tau_1p350001e-03_ms,A,A,1.0,0.047952786229994646,-1000000.0,1000000.0,False,,0.0,0.9941198670807062,-1000000.0,1000000.0,False,
G_tau_1p400001e-03_ms,A,A,1.0,0.03358360843493238,-1000000.0,1000000.0,False,,0.0,1.0028664107518483,-1000000.0,1000000.0,False,
G_tau_1p450001e-03_ms,A,A,1.0,0.051555372621394174,-1000000.0,1000000.0,False,,0.0,0.9923914843186658,-1000000.0,1000000.0,False,
G_tau_1p500001e-03_ms,A,A,1.0,0.04868912046881429,-1000000.0,1000000.0,False,,0.0,0.9933515778282703,-1000000.0,1000000.0,False,
G_tau_1p550001e-03_ms,A,A,1.0,0.016529571307287143,-1000000.0,1000000.0,False,,0.0,1.014259274281901,-1000000.0,1000000.0,False,
G_tau_1p600001e-03_ms,A,A,1.0,0.06876487008463548,-1000000.0,1000000.0,False,,0.0,0.9810899290298221,-1000000.0,1000000.0,False,
G_tau_1p700001e-03_ms,A,A,1.0,0.031480714207366464,-1000000.0,1000000.0,False,,0.0,1.004461651492424,-1000000.0,1000000.0,False,
G_tau_1p800001e-03_ms,A,A,1.0,0.04933908468004071,-1000000.0,1000000.0,False,,0.0,0.9917710428161135,-1000000.0,1000000.0,False,
G_tau_1p900001e-03_ms,A,A,1.0,0.04113484135079105,-1000000.0,1000000.0,False,,0.0,0.9985906402756597,-1000000.0,1000000.0,False,
G_tau_2p000001e-03_ms,A,A,1.0,0.033184195589743885,-1000000.0,1000000.0,False,,0.0,1.002913859344894,-1000000.0,1000000.0,False,
G_tau_2p100001e-03_ms,A,A,1.0,0.050177567294377466,-1000000.0,1000000.0,False,,0.0,0.9940814122238975,-1000000.0,1000000.0,False,
G_tau_2p200001e-03_ms,A,A,1.0,0.031241701357665432,-1000000.0,1000000.0,False,,0.0,1.0056755314049637,-1000000.0,1000000.0,False,
G_tau_2p300001e-03_ms,A,A,1.0,0.053245723429929566,-1000000.0,1000000.0,False,,0.0,0.9905996760844894,-1000000.0,1000000.0,False,
G_tau_2p400001e-03_ms,A,A,1.0,0.048352199680540844,-1000000.0,1000000.0,False,,0.0,0.9944563486400448,-1000000.0,1000000.0,False,
G_tau_2p500001e-03_ms,A,A,1.0,0.03185556231916323,-1000000.0,1000000.0,False,,0.0,1.0037501040312184,-1000000.0,1000000.0,False,
G_tau_2p600001e-03_ms,A,A,1.0,0.03519587309607764,-1000000.0,1000000.0,False,,0.0,1.0032212721870066,-1000000.0,1000000.0,False,
G_tau_2p700001e-03_ms,A,A,1.0,0.02786858146857368,-1000000.0,1000000.0,False,,0.0,1.0053910083869715,-1000000.0,1000000.0,False,
G_tau_2p800001e-03_ms,A,A,1.0,0.03996574529210501,-1000000.0,1000000.0,False,,0.0,1.0008554386938402,-1000000.0,1000000.0,False,
G_tau_2p900001e-03_ms,A,A,1.0,0.039261660034743684,-1000000.0,1000000.0,False,,0.0,1.0019443955907363,-1000000.0,1000000.0,False,
G_tau_3p000001e-03_ms,A,A,1.0,0.03756384548458911,-1000000.0,1000000.0,False,,0.0,1.0006901753259079,-1000000.0,1000000.0,False,
G_tau_3p100002e-03_ms,A,A,1.0,0.03881400755760615,-1000000.0,1000000.0,False,,0.0,1.0000493940364947,-1000000.0,1000000.0,False,
G_tau_3p200002e-03_ms,A,A,1.0,0.049501352368086046,-1000000.0,1000000.0,False,,0.0,0.9926895852966834,-1000000.0,1000000.0,False,
G_tau_3p400002e-03_ms,A,A,1.0,0.04340904892283439,-1000000.0,1000000.0,False,,0.0,0.9972074338789143,-1000000.0,1000000.0,False,
G_tau_3p600001e-03_ms,A,A,1.0,0.0387523347373473,-1000000.0,1000000.0,False,,0.0,0.999755695423205,-1000000.0,1000000.0,False,
G_tau_3p800001e-03_ms,A,A,1.0,0.04325667945788116,-1000000.0,1000000.0,False,,0.0,0.9968261558407442,-1000000.0,1000000.0,False,
G_tau_4p000001e-03_ms,A,A,1.0,0.04073519080838741,-1000000.0,1000000.0,False,,0.0,0.9982453274875558,-1000000.0,1000000.0,False,
G_tau_4p200002e-03_ms,A,A,1.0,0.05569881930733036,-1000000.0,1000000.0,False,,0.0,0.9905749675005783,-1000000.0,1000000.0,False,
G_tau_4p400002e-03_ms,A,A,1.0,0.037056343308928104,-1000000.0,1000000.0,False,,0.0,1.0018268923114024,-1000000.0,1000000.0,False,
G_tau_4p600002e-03_ms,A,A,1.0,0.04104425779851322,-1000000.0,1000000.0,False,,0.0,0.9981892935614475,-1000000.0,1000000.0,False,
G_tau_4p800002e-03_ms,A,A,1.0,0.035337949110381066,-1000000.0,1000000.0,False,,0.0,1.0019054899905722,-1000000.0,1000000.0,False,
G_tau_5p000002e-03_ms,A,A,1.0,0.04875011333275389,-1000000.0,1000000.0,False,,0.0,0.9928520567936161,-1000000.0,1000000.0,False,
G_tau_5p200002e-03_ms,A,A,1.0,0.04989351832262567,-1000000.0,1000000.0,False,,0.0,0.9912474620183366,-1000000.0,1000000.0,False,
G_tau_5p400002e-03_ms,A,A,1.0,0.0493807311816358,-1000000.0,1000000.0,False,,0.0,0.9941587590219269,-1000000.0,1000000.0,False,
G_tau_5p600003e-03_ms,A,A,1.0,0.04037514233056999,-1000000.0,1000000.0,False,,0.0,0.997671992597017,-1000000.0,1000000.0,False,
G_tau_5p800003e-03_ms,A,A,1.0,0.03890589682457947,-1000000.0,1000000.0,False,,0.0,0.9991876240847183,-1000000.0,1000000.0,False,
G_tau_6p000003e-03_ms,A,A,1.0,0.03141811765660323,-1000000.0,1000000.0,False,,0.0,1.006068603611657,-1000000.0,1000000.0,False,
G_tau_6p200003e-03_ms,A,A,1.0,0.04912749887448684,-1000000.0,1000000.0,False,,0.0,0.992769510570605,-1000000.0,1000000.0,False,
G_tau_6p400003e-03_ms,A,A,1.0,0.051952830321950284,-1000000.0,1000000.0,False,,0.0,0.990970635191846,-1000000.0,1000000.0,False,
G_tau_6p800003e-03_ms,A,A,1.0,0.04753121627317135,-1000000.0,1000000.0,False,,0.0,0.9945873456083993,-1000000.0,1000000.0,False,
G_tau_7p200003e-03_ms,A,A,1.0,0.04872226702610779,-1000000.0,1000000.0,False,,0.0,0.993704600664924,-1000000.0,1000000.0,False,
G_tau_7p600003e-03_ms,A,A,1.0,0.04748537858537524,-1000000.0,1000000.0,False,,0.0,0.9938920473149976,-1000000.0,1000000.0,False,
G_tau_8p000003e-03_ms,A,A,1.0,0.039172908568170434,-1000000.0,1000000.0,False,,0.0,0.9987654624545197,-1000000.0,1000000.0,False,
G_tau_8p400003e-03_ms,A,A,1.0,0.045631895479646994,-1000000.0,1000000.0,False,,0.0,0.9948608428839211,-1000000.0,1000000.0,False,
G_tau_8p800003e-03_ms,A,A,1.0,0.04365497424686623,-1000000.0,1000000.0,False,,0.0,0.9956128566912543,-1000000.0,1000000.0,False,
G_tau_9p200004e-03_ms,A,A,1.0,0.042237184274130826,-1000000.0,1000000.0,False,,0.0,0.9968731111964136,-1000000.0,1000000.0,False,
G_tau_9p600004e-03_ms,A,A,1.0,0.04704143390963263,-1000000.0,1000000.0,False,,0.0,0.9933716036376499,-1000000.0,1000000.0,False,
G_tau_1p000000e-02_ms,A,A,1.0,0.045233874791236826,-1000000.0,1000000.0,False,,0.0,0.9953351792513409,-1000000.0,1000000.0,False,
G_tau_1p040000e-02_ms,A,A,1.0,0.04188251471985736,-1000000.0,1000000.0,False,,0.0,0.9975683686336272,-1000000.0,1000000.0,False,
G_tau_1p080000e-02_ms,A,A,1.0,0.04042187025440595,-1000000.0,1000000.0,False,,0.0,0.9985037607558953,-1000000.0,1000000.0,False,
G_tau_1p120001e-02_ms,A,A,1.0,0.04514943126300503,-1000000.0,1000000.0,False,,0.0,0.994626203700672,-1000000.0,1000000.0,False,
G_tau_1p160001e-02_ms,A,A,1.0,0.04464786122514754,-1000000.0,1000000.0,False,,0.0,0.9952410712130352,-1000000.0,1000000.0,False,
G_tau_1p200001e-02_ms,A,A,1.0,0.04361553625911819,-1000000.0,1000000.0,False,,0.0,0.995486050831666,-1000000.0,1000000.0,False,
G_tau_1p240001e-02_ms,A,A,1.0,0.0447231640914485,-1000000.0,1000000.0,False,,0.0,0.9946554201855377,-1000000.0,1000000.0,False,
G_tau_1p280001e-02_ms,A,A,1.0,0.04359340159153769,-1000000.0,1000000.0,False,,0.0,0.9964864931817474,-1000000.0,1000000.0,False,
G_tau_1p360001e-02_ms,A,A,1.0,0.039783762414574105,-1000000.0,1000000.0,False,,0.0,0.9983819791343733,-1000000.0,1000000.0,False,
G_tau_1p440001e-02_ms,A,A,1.0,0.040859320781199,-1000000.0,1000000.0,False,,0.0,0.9972885347942266,-1000000.0,1000000.0,False,
G_tau_1p520001e-02_ms,A,A,1.0,0.04505945026573844,-1000000.0,1000000.0,False,,0.0,0.9955259169364215,-1000000.0,1000000.0,False,
G_tau_1p600001e-02_ms,A,A,1.0,0.03706448355358853,-1000000.0,1000000.0,False,,0.0,0.9991323357258761,-1000000.0,1000000.0,False,
G_tau_1p680001e-02_ms,A,A,1.0,0.03638112057221219,-1000000.0,1000000.0,False,,0.0,1.0008709717651432,-1000000.0,1000000.0,False,
G_tau_1p760001e-02_ms,A,A,1.0,0.04468730058218131,-1000000.0,1000000.0,False,,0.0,0.9958538577054052,-1000000.0,1000000.0,False,
G_tau_1p840001e-02_ms,A,A,1.0,0.043741110707821995,-1000000.0,1000000.0,False,,0.0,0.9960056955892507,-1000000.0,1000000.0,False,
G_tau_1p920001e-02_ms,A,A,1.0,0.03830572326083881,-1000000.0,1000000.0,False,,0.0,0.9993779778447727,-1000000.0,1000000.0,False,
G_tau_2p000001e-02_ms,A,A,1.0,0.04024569309538768,-1000000.0,1000000.0,False,,0.0,0.9980600000003029,-1000000.0,1000000.0,False,
G_tau_2p080001e-02_ms,A,A,1.0,0.04398546386571742,-1000000.0,1000000.0,False,,0.0,0.9949496522014873,-1000000.0,1000000.0,False,
G_tau_2p160001e-02_ms,A,A,1.0,0.0423129032999581,-1000000.0,1000000.0,False,,0.0,0.9964587463695549,-1000000.0,1000000.0,False,
G_tau_2p240001e-02_ms,A,A,1.0,0.0405363147597399,-1000000.0,1000000.0,False,,0.0,0.9965462909472026,-1000000.0,1000000.0,False,
G_tau_2p320001e-02_ms,A,A,1.0,0.03591231423504108,-1000000.0,1000000.0,False,,0.0,1.0002424366123994,-1000000.0,1000000.0,False,
G_tau_2p400001e-02_ms,A,A,1.0,0.04567684667304609,-1000000.0,1000000.0,False,,0.0,0.9943503451080343,-1000000.0,1000000.0,False,
G_tau_2p480001e-02_ms,A,A,1.0,0.04234752631906882,-1000000.0,1000000.0,False,,0.0,0.9959084774454948,-1000000.0,1000000.0,False,
G_tau_2p560001e-02_ms,A,A,1.0,0.04609359618622578,-1000000.0,1000000.0,False,,0.0,0.9932477533990751,-1000000.0,1000000.0,False,
G_tau_2p720001e-02_ms,A,A,1.0,0.03937050700477548,-1000000.0,1000000.0,False,,0.0,0.997769407114927,-1000000.0,1000000.0,False,
G_tau_2p880001e-02_ms,A,A,1.0,0.03913623282823477,-1000000.0,1000000.0,False,,0.0,0.9975916232376235,-1000000.0,1000000.0,False,
G_tau_3p040001e-02_ms,A,A,1.0,0.041977007480301684,-1000000.0,1000000.0,False,,0.0,0.9962007152463677,-1000000.0,1000000.0,False,
G_tau_3p200001e-02_ms,A,A,1.0,0.04276131543851069,-1000000.0,1000000.0,False,,0.0,0.995565915078406,-1000000.0,1000000.0,False,
G_tau_3p360001e-02_ms,A,A,1.0,0.041474861047659094,-1000000.0,1000000.0,False,,0.0,0.9959524943246892,-1000000.0,1000000.0,False,
G_tau_3p520001e-02_ms,A,A,1.0,0.04460791585592582,-1000000.0,1000000.0,False,,0.0,0.9942690336836514,-1000000.0,1000000.0,False,
G_tau_3p680001e-02_ms,A,A,1.0,0.04128799331154661,-1000000.0,1000000.0,False,,0.0,0.996327107277885,-1000000.0,1000000.0,False,
G_tau_3p840002e-02_ms,A,A,1.0,0.04634954175764748,-1000000.0,1000000.0,False,,0.0,0.9929998247731476,-1000000.0,1000000.0,False,
G_tau_4p000002e-02_ms,A,A,1.0,0.04033676429553905,-1000000.0,1000000.0,False,,0.0,0.9970189277505169,-1000000.0,1000000.0,False,
G_tau_4p160002e-02_ms,A,A,1.0,0.042485062638844356,-1000000.0,1000000.0,False,,0.0,0.9954086387840021,-1000000.0,1000000.0,False,
G_tau_4p320002e-02_ms,A,A,1.0,0.041366271246975575,-1000000.0,1000000.0,False,,0.0,0.9960640856122722,-1000000.0,1000000.0,False,
G_tau_4p480002e-02_ms,A,A,1.0,0.041894818505485217,-1000000.0,1000000.0,False,,0.0,0.9956731273249314,-1000000.0,1000000.0,False,
G_tau_4p640002e-02_ms,A,A,1.0,0.03877719882532596,-1000000.0,1000000.0,False,,0.0,0.9982028068113983,-1000000.0,1000000.0,False,
G_tau_4p800002e-02_ms,A,A,1.0,0.041967465783367276,-1000000.0,1000000.0,False,,0.0,0.9955085866305057,-1000000.0,1000000.0,False,
G_tau_4p960002e-02_ms,A,A,1.0,0.0372246810803978,-1000000.0,1000000.0,False,,0.0,0.9985815739335526,-1000000.0,1000000.0,False,
G_tau_5p120003e-02_ms,A,A,1.0,0.04055941470880391,-1000000.0,1000000.0,False,,0.0,0.9961188879350034,-1000000.0,1000000.0,False,
G_tau_5p440002e-02_ms,A,A,1.0,0.04128096753940985,-1000000.0,1000000.0,False,,0.0,0.9958199209554626,-1000000.0,1000000.0,False,
G_tau_5p760002e-02_ms,A,A,1.0,0.04127027724354515,-1000000.0,1000000.0,False,,0.0,0.9955455259873878,-1000000.0,1000000.0,False,
G_tau_6p080002e-02_ms,A,A,1.0,0.04119339220925366,-1000000.0,1000000.0,False,,0.0,0.9957595163359743,-1000000.0,1000000.0,False,
G_tau_6p400002e-02_ms,A,A,1.0,0.04006479279782577,-1000000.0,1000000.0,False,,0.0,0.9963593869579711,-1000000.0,1000000.0,False,
G_tau_6p720002e-02_ms,A,A,1.0,0.038774967445260614,-1000000.0,1000000.0,False,,0.0,0.996967184176126,-1000000.0,1000000.0,False,
G_tau_7p040003e-02_ms,A,A,1.0,0.04241462745730574,-1000000.0,1000000.0,False,,0.0,0.9943912748496632,-1000000.0,1000000.0,False,
G_tau_7p360003e-02_ms,A,A,1.0,0.040075712619715514,-1000000.0,1000000.0,False,,0.0,0.9958904896373361,-1000000.0,1000000.0,False,
G_tau_7p680003e-02_ms,A,A,1.0,0.039828176726005256,-1000000.0,1000000.0,False,,0.0,0.9968695491908606,-1000000.0,1000000.0,False,
G_tau_8p000003e-02_ms,A,A,1.0,0.03751216739761533,-1000000.0,1000000.0,False,,0.0,0.9977950055155141,-1000000.0,1000000.0,False,
G_tau_8p320004e-02_ms,A,A,1.0,0.03927955848931222,-1000000.0,1000000.0,False,,0.0,0.9964908643650768,-1000000.0,1000000.0,False,
G_tau_8p640004e-02_ms,A,A,1.0,0.03750094773501189,-1000000.0,1000000.0,False,,0.0,0.9973861931545419,-1000000.0,1000000.0,False,
G_tau_8p960004e-02_ms,A,A,1.0,0.0380187816154724,-1000000.0,1000000.0,False,,0.0,0.9970941117192277,-1000000.0,1000000.0,False,
G_tau_9p280004e-02_ms,A,A,1.0,0.037152586156215354,-1000000.0,1000000.0,False,,0.0,0.9970986207919145,-1000000.0,1000000.0,False,
G_tau_9p600005e-02_ms,A,A,1.0,0.03765711025478835,-1000000.0,1000000.0,False,,0.0,0.9973048285181614,-1000000.0,1000000.0,False,
G_tau_9p920005e-02_ms,A,A,1.0,0.03958108372854263,-1000000.0,1000000.0,False,,0.0,0.995830664295111,-1000000.0,1000000.0,False,
G_tau_1p024001e-01_ms,A,A,1.0,0.03892964560821045,-1000000.0,1000000.0,False,,0.0,0.996017654530958,-1000000.0,1000000.0,False,
G_tau_1p088000e-01_ms,A,A,1.0,0.03904853017311477,-1000000.0,1000000.0,False,,0.0,0.9960622828397315,-1000000.0,1000000.0,False,
G_tau_1p152000e-01_ms,A,A,1.0,0.03860990773625727,-1000000.0,1000000.0,False,,0.0,0.9961688845465823,-1000000.0,1000000.0,False,
G_tau_1p216000e-01_ms,A,A,1.0,0.03794293800879076,-1000000.0,1000000.0,False,,0.0,0.9963651581037256,-1000000.0,1000000.0,False,
G_tau_1p280000e-01_ms,A,A,1.0,0.03666399511212998,-1000000.0,1000000.0,False,,0.0,0.9972255126691881,-1000000.0,1000000.0,False,
G_tau_1p344000e-01_ms,A,A,1.0,0.038662332642496154,-1000000.0,1000000.0,False,,0.0,0.9958036500690755,-1000000.0,1000000.0,False,
G_tau_1p408001e-01_ms,A,A,1.0,0.03714779807259065,-1000000.0,1000000.0,False,,0.0,0.9969264232474686,-1000000.0,1000000.0,False,
G_tau_1p472001e-01_ms,A,A,1.0,0.0384038677213489,-1000000.0,1000000.0,False,,0.0,0.9960486970282152,-1000000.0,1000000.0,False,
G_tau_1p536001e-01_ms,A,A,1.0,0.03628925296951605,-1000000.0,1000000.0,False,,0.0,0.9971810610747153,-1000000.0,1000000.0,False,
G_tau_1p600001e-01_ms,A,A,1.0,0.03585056426273332,-1000000.0,1000000.0,False,,0.0,0.9973162879753847,-1000000.0,1000000.0,False,
G_tau_1p664001e-01_ms,A,A,1.0,0.03591893487290493,-1000000.0,1000000.0,False,,0.0,0.9971498894436838,-1000000.0,1000000.0,False,
G_tau_1p728001e-01_ms,A,A,1.0,0.03860900340020952,-1000000.0,1000000.0,False,,0.0,0.9952179566524646,-1000000.0,1000000.0,False,
G_tau_1p792001e-01_ms,A,A,1.0,0.03561670005706284,-1000000.0,1000000.0,False,,0.0,0.9971743584135927,-1000000.0,1000000.0,False,
G_tau_1p856001e-01_ms,A,A,1.0,0.036343930086373315,-1000000.0,1000000.0,False,,0.0,0.9964786276054541,-1000000.0,1000000.0,False,
G_tau_1p920001e-01_ms,A,A,1.0,0.03483314573810801,-1000000.0,1000000.0,False,,0.0,0.9975453589971247,-1000000.0,1000000.0,False,
G_tau_1p984001e-01_ms,A,A,1.0,0.035194463732226636,-1000000.0,1000000.0,False,,0.0,0.9973490410146544,-1000000.0,1000000.0,False,
G_tau_2p048001e-01_ms,A,A,1.0,0.03574893191516086,-1000000.0,1000000.0,False,,0.0,0.9968090616960149,-1000000.0,1000000.0,False,
G_tau_2p176001e-01_ms,A,A,1.0,0.03517281109004101,-1000000.0,1000000.0,False,,0.0,0.997131649642991,-1000000.0,1000000.0,False,
G_tau_2p304001e-01_ms,A,A,1.0,0.033821098929728184,-1000000.0,1000000.0,False,,0.0,0.9978477281473379,-1000000.0,1000000.0,False,
G_tau_2p432001e-01_ms,A,A,1.0,0.03615253658118174,-1000000.0,1000000.0,False,,0.0,0.9960596062634093,-1000000.0,1000000.0,False,
G_tau_2p560001e-01_ms,A,A,1.0,0.033740577546832975,-1000000.0,1000000.0,False,,0.0,0.9975167185117786,-1000000.0,1000000.0,False,
G_tau_2p688001e-01_ms,A,A,1.0,0.03451538388401983,-1000000.0,1000000.0,False,,0.0,0.9968187850531652,-1000000.0,1000000.0,False,
G_tau_2p816001e-01_ms,A,A,1.0,0.03307146074607225,-1000000.0,1000000.0,False,,0.0,0.9975469489469619,-1000000.0,1000000.0,False,
G_tau_2p944001e-01_ms,A,A,1.0,0.03395083877323313,-1000000.0,1000000.0,False,,0.0,0.9969338584985079,-1000000.0,1000000.0,False,
G_tau_3p072001e-01_ms,A,A,1.0,0.031640899101280255,-1000000.0,1000000.0,False,,0.0,0.9982438444043226,-1000000.0,1000000.0,False,
G_tau_3p200001e-01_ms,A,A,1.0,0.03364183819218906,-1000000.0,1000000.0,False,,0.0,0.9968895927048349,-1000000.0,1000000.0,False,
G_tau_3p328001e-01_ms,A,A,1.0,0.032588993596688175,-1000000.0,1000000.0,False,,0.0,0.9975743371141496,-1000000.0,1000000.0,False,
G_tau_3p456002e-01_ms,A,A,1.0,0.03270959705987763,-1000000.0,1000000.0,False,,0.0,0.997425324204422,-1000000.0,1000000.0,False,
G_tau_3p584002e-01_ms,A,A,1.0,0.031370503838167065,-1000000.0,1000000.0,False,,0.0,0.9981393672902852,-1000000.0,1000000.0,False,
G_tau_3p712002e-01_ms,A,A,1.0,0.03141927596434102,-1000000.0,1000000.0,False,,0.0,0.9979546649397234,-1000000.0,1000000.0,False,
G_tau_3p840002e-01_ms,A,A,1.0,0.03186222012703228,-1000000.0,1000000.0,False,,0.0,0.9977592334413757,-1000000.0,1000000.0,False,
G_tau_3p968002e-01_ms,A,A,1.0,0.029745119190957025,-1000000.0,1000000.0,False,,0.0,0.998666855945212,-1000000.0,1000000.0,False,
G_tau_4p096002e-01_ms,A,A,1.0,0.031981126562472116,-1000000.0,1000000.0,False,,0.0,0.9972721852578349,-1000000.0,1000000.0,False,
G_tau_4p352002e-01_ms,A,A,1.0,0.030961075336343177,-1000000.0,1000000.0,False,,0.0,0.9978053992249999,-1000000.0,1000000.0,False,
G_tau_4p608002e-01_ms,A,A,1.0,0.030525182790764445,-1000000.0,1000000.0,False,,0.0,0.9978821082593249,-1000000.0,1000000.0,False,
G_tau_4p864002e-01_ms,A,A,1.0,0.030097576635216085,-1000000.0,1000000.0,False,,0.0,0.9979125478672697,-1000000.0,1000000.0,False,
G_tau_5p120002e-01_ms,A,A,1.0,0.031070276727275355,-1000000.0,1000000.0,False,,0.0,0.9972276775040902,-1000000.0,1000000.0,False,
G_tau_5p376002e-01_ms,A,A,1.0,0.029201294730817944,-1000000.0,1000000.0,False,,0.0,0.9982515431405363,-1000000.0,1000000.0,False,
G_tau_5p632002e-01_ms,A,A,1.0,0.02990968686454913,-1000000.0,1000000.0,False,,0.0,0.9976199821607431,-1000000.0,1000000.0,False,
G_tau_5p888002e-01_ms,A,A,1.0,0.029134088182597866,-1000000.0,1000000.0,False,,0.0,0.9982102170705736,-1000000.0,1000000.0,False,
G_tau_6p144003e-01_ms,A,A,1.0,0.029890973108756016,-1000000.0,1000000.0,False,,0.0,0.9974700362052424,-1000000.0,1000000.0,False,
G_tau_6p400003e-01_ms,A,A,1.0,0.02828075495988806,-1000000.0,1000000.0,False,,0.0,0.9984968035855377,-1000000.0,1000000.0,False,
G_tau_6p656003e-01_ms,A,A,1.0,0.02768497020984563,-1000000.0,1000000.0,False,,0.0,0.9987243184494772,-1000000.0,1000000.0,False,
G_tau_6p912003e-01_ms,A,A,1.0,0.02805813142019994,-1000000.0,1000000.0,False,,0.0,0.9984362032860993,-1000000.0,1000000.0,False,
G_tau_7p168003e-01_ms,A,A,1.0,0.027651309708030425,-1000000.0,1000000.0,False,,0.0,0.9984446711712366,-1000000.0,1000000.0,False,
G_tau_7p424004e-01_ms,A,A,1.0,0.027472806743061715,-1000000.0,1000000.0,False,,0.0,0.9985338024684521,-1000000.0,1000000.0,False,
G_tau_7p680004e-01_ms,A,A,1.0,0.028109432753603628,-1000000.0,1000000.0,False,,0.0,0.998063006807491,-1000000.0,1000000.0,False,
G_tau_7p936004e-01_ms,A,A,1.0,0.02838437139643028,-1000000.0,1000000.0,False,,0.0,0.9976776709543426,-1000000.0,1000000.0,False,
G_tau_8p192004e-01_ms,A,A,1.0,0.026818017981924513,-1000000.0,1000000.0,False,,0.0,0.9986410059036718,-1000000.0,1000000.0,False,
G_tau_8p704004e-01_ms,A,A,1.0,0.02649249621530951,-1000000.0,1000000.0,False,,0.0,0.9986195283835118,-1000000.0,1000000.0,False,
G_tau_9p216004e-01_ms,A,A,1.0,0.026795701896461153,-1000000.0,1000000.0,False,,0.0,0.9982579374706391,-1000000.0,1000000.0,False,
G_tau_9p728004e-01_ms,A,A,1.0,0.025355317574050854,-1000000.0,1000000.0,False,,0.0,0.9989533633113592,-1000000.0,1000000.0,False,
G_tau_1p024000e+00_ms,A,A,1.0,0.025269508656165972,-1000000.0,1000000.0,False,,0.0,0.9989447409694391,-1000000.0,1000000.0,False,
G_tau_1p075200e+00_ms,A,A,1.0,0.025161637647070807,-1000000.0,1000000.0,False,,0.0,0.998906223065159,-1000000.0,1000000.0,False,
G_tau_1p126400e+00_ms,A,A,1.0,0.024685799036123536,-1000000.0,1000000.0,False,,0.0,0.9988975215992197,-1000000.0,1000000.0,False,
G_tau_1p177600e+00_ms,A,A,1.0,0.024719593628608445,-1000000.0,1000000.0,False,,0.0,0.9988495339440009,-1000000.0,1000000.0,False,
G_tau_1p228801e+00_ms,A,A,1.0,0.024696955017877123,-1000000.0,1000000.0,False,,0.0,0.9986948410355757,-1000000.0,1000000.0,False,
G_tau_1p280001e+00_ms,A,A,1.0,0.02341350686185056,-1000000.0,1000000.0,False,,0.0,0.9994418772297873,-1000000.0,1000000.0,False,
G_tau_1p331201e+00_ms,A,A,1.0,0.024085362320597718,-1000000.0,1000000.0,False,,0.0,0.9989874080871249,-1000000.0,1000000.0,False,
G_tau_1p382401e+00_ms,A,A,1.0,0.02379075465497383,-1000000.0,1000000.0,False,,0.0,0.9989626508740915,-1000000.0,1000000.0,False,
G_tau_1p433601e+00_ms,A,A,1.0,0.023875582998749405,-1000000.0,1000000.0,False,,0.0,0.9988974604362781,-1000000.0,1000000.0,False,
G_tau_1p484801e+00_ms,A,A,1.0,0.023564849315461215,-1000000.0,1000000.0,False,,0.0,0.9989045883821122,-1000000.0,1000000.0,False,
G_tau_1p536001e+00_ms,A,A,1.0,0.023147389877092157,-1000000.0,1000000.0,False,,0.0,0.9990842609674749,-1000000.0,1000000.0,False,
G_tau_1p587201e+00_ms,A,A,1.0,0.022932815975753855,-1000000.0,1000000.0,False,,0.0,0.999079504199966,-1000000.0,1000000.0,False,
G_tau_1p638401e+00_ms,A,A,1.0,0.02268538597732477,-1000000.0,1000000.0,False,,0.0,0.9991652017292153,-1000000.0,1000000.0,False,
G_tau_1p740801e+00_ms,A,A,1.0,0.022259049968306036,-1000000.0,1000000.0,False,,0.0,0.9992883016267786,-1000000.0,1000000.0,False,
G_tau_1p843201e+00_ms,A,A,1.0,0.022124092434545477,-1000000.0,1000000.0,False,,0.0,0.9992801418950152,-1000000.0,1000000.0,False,
G_tau_1p945601e+00_ms,A,A,1.0,0.02195705325296501,-1000000.0,1000000.0,False,,0.0,0.999207113664011,-1000000.0,1000000.0,False,
G_tau_2p048001e+00_ms,A,A,1.0,0.02111356387878543,-1000000.0,1000000.0,False,,0.0,0.9996194366208795,-1000000.0,1000000.0,False,
G_tau_2p150401e+00_ms,A,A,1.0,0.020662094706103442,-1000000.0,1000000.0,False,,0.0,0.9997530691028225,-1000000.0,1000000.0,False,
G_tau_2p252801e+00_ms,A,A,1.0,0.020844275280373276,-1000000.0,1000000.0,False,,0.0,0.9994626608391329,-1000000.0,1000000.0,False,
G_tau_2p355201e+00_ms,A,A,1.0,0.02072882900614971,-1000000.0,1000000.0,False,,0.0,0.9994866526961776,-1000000.0,1000000.0,False,
G_tau_2p457601e+00_ms,A,A,1.0,0.020362803571875643,-1000000.0,1000000.0,False,,0.0,0.9995917145127234,-1000000.0,1000000.0,False,
G_tau_2p560001e+00_ms,A,A,1.0,0.02021564211992105,-1000000.0,1000000.0,False,,0.0,0.9996003193754838,-1000000.0,1000000.0,False,
G_tau_2p662401e+00_ms,A,A,1.0,0.020113039613944863,-1000000.0,1000000.0,False,,0.0,0.999509537055273,-1000000.0,1000000.0,False,
G_tau_2p764801e+00_ms,A,A,1.0,0.019772912816392565,-1000000.0,1000000.0,False,,0.0,0.999666064789124,-1000000.0,1000000.0,False,
G_tau_2p867201e+00_ms,A,A,1.0,0.019562061441603558,-1000000.0,1000000.0,False,,0.0,0.9997702877285899,-1000000.0,1000000.0,False,
G_tau_2p969601e+00_ms,A,A,1.0,0.019228510658609393,-1000000.0,1000000.0,False,,0.0,0.999885608491011,-1000000.0,1000000.0,False,
G_tau_3p072002e+00_ms,A,A,1.0,0.01923033199835959,-1000000.0,1000000.0,False,,0.0,0.9998195417962167,-1000000.0,1000000.0,False,
G_tau_3p174402e+00_ms,A,A,1.0,0.01894672162832193,-1000000.0,1000000.0,False,,0.0,0.9999245840694506,-1000000.0,1000000.0,False,
G_tau_3p276802e+00_ms,A,A,1.0,0.019021140141068996,-1000000.0,1000000.0,False,,0.0,0.9997709497098238,-1000000.0,1000000.0,False,
G_tau_3p481602e+00_ms,A,A,1.0,0.019155610731775154,-1000000.0,1000000.0,False,,0.0,0.9996111046962224,-1000000.0,1000000.0,False,
G_tau_3p686402e+00_ms,A,A,1.0,0.018401631072289128,-1000000.0,1000000.0,False,,0.0,0.9999274572785932,-1000000.0,1000000.0,False,
G_tau_3p891201e+00_ms,A,A,1.0,0.018186543641372954,-1000000.0,1000000.0,False,,0.0,0.9999771062709468,-1000000.0,1000000.0,False,
G_tau_4p096001e+00_ms,A,A,1.0,0.018054890504036896,-1000000.0,1000000.0,False,,0.0,0.9999110800803463,-1000000.0,1000000.0,False,
G_tau_4p300802e+00_ms,A,A,1.0,0.017569117626055532,-1000000.0,1000000.0,False,,0.0,1.0001223787192297,-1000000.0,1000000.0,False,
G_tau_4p505602e+00_ms,A,A,1.0,0.01751101574794541,-1000000.0,1000000.0,False,,0.0,1.0000664645746675,-1000000.0,1000000.0,False,
G_tau_4p710402e+00_ms,A,A,1.0,0.017051148724914367,-1000000.0,1000000.0,False,,0.0,1.0002897971953992,-1000000.0,1000000.0,False,
G_tau_4p915202e+00_ms,A,A,1.0,0.017323073767316864,-1000000.0,1000000.0,False,,0.0,1.000064606698649,-1000000.0,1000000.0,False,
G_tau_5p120002e+00_ms,A,A,1.0,0.017045778358941454,-1000000.0,1000000.0,False,,0.0,1.000112034633693,-1000000.0,1000000.0,False,
G_tau_5p324802e+00_ms,A,A,1.0,0.017025400247797653,-1000000.0,1000000.0,False,,0.0,1.0000984154280854,-1000000.0,1000000.0,False,
G_tau_5p529603e+00_ms,A,A,1.0,0.016931339586144428,-1000000.0,1000000.0,False,,0.0,1.0000912796953898,-1000000.0,1000000.0,False,
G_tau_5p734403e+00_ms,A,A,1.0,0.016576079178099272,-1000000.0,1000000.0,False,,0.0,1.0002542745482181,-1000000.0,1000000.0,False,
G_tau_5p939203e+00_ms,A,A,1.0,0.01656333037809481,-1000000.0,1000000.0,False,,0.0,1.0002284235823569,-1000000.0,1000000.0,False,
G_tau_6p144003e+00_ms,A,A,1.0,0.01638218503462097,-1000000.0,1000000.0,False,,0.0,1.0002386153941598,-1000000.0,1000000.0,False,
G_tau_6p348803e+00_ms,A,A,1.0,0.01605226395251159,-1000000.0,1000000.0,False,,0.0,1.0003911471346625,-1000000.0,1000000.0,False,
G_tau_6p553603e+00_ms,A,A,1.0,0.01632134459441962,-1000000.0,1000000.0,False,,0.0,1.0001642391689856,-1000000.0,1000000.0,False,
G_tau_6p963203e+00_ms,A,A,1.0,0.016046043856986027,-1000000.0,1000000.0,False,,0.0,1.0002858151875516,-1000000.0,1000000.0,False,
G_tau_7p372803e+00_ms,A,A,1.0,0.016096628796632612,-1000000.0,1000000.0,False,,0.0,1.0001102647259361,-1000000.0,1000000.0,False,
G_tau_7p782403e+00_ms,A,A,1.0,0.015759805403490812,-1000000.0,1000000.0,False,,0.0,1.0002756522842182,-1000000.0,1000000.0,False,
G_tau_8p192003e+00_ms,A,A,1.0,0.015683579067145948,-1000000.0,1000000.0,False,,0.0,1.0002142711714115,-1000000.0,1000000.0,False,
G_tau_8p601603e+00_ms,A,A,1.0,0.015394104421019407,-1000000.0,1000000.0,False,,0.0,1.0003585320339925,-1000000.0,1000000.0,False,
G_tau_9p011203e+00_ms,A,A,1.0,0.015374573502157153,-1000000.0,1000000.0,False,,0.0,1.0002926733281903,-1000000.0,1000000.0,False,
G_tau_9p420804e+00_ms,A,A,1.0,0.01513671537053107,-1000000.0,1000000.0,False,,0.0,1.0003969179412007,-1000000.0,1000000.0,False,
G_tau_9p830404e+00_ms,A,A,1.0,0.015366351226700903,-1000000.0,1000000.0,False,,0.0,1.0001907424938996,-1000000.0,1000000.0,False,
G_tau_1p024000e+01_ms,A,A,1.0,0.01504390036436986,-1000000.0,1000000.0,False,,0.0,1.0003780365088355,-1000000.0,1000000.0,False,
G_tau_1p064960e+01_ms,A,A,1.0,0.01498765741654236,-1000000.0,1000000.0,False,,0.0,1.0003587122063224,-1000000.0,1000000.0,False,
G_tau_1p105921e+01_ms,A,A,1.0,0.015088701937218266,-1000000.0,1000000.0,False,,0.0,1.0002063709782563,-1000000.0,1000000.0,False,
G_tau_1p146881e+01_ms,A,A,1.0,0.01484638646039857,-1000000.0,1000000.0,False,,0.0,1.0003460034712082,-1000000.0,1000000.0,False,
G_tau_1p187841e+01_ms,A,A,1.0,0.015092351285833056,-1000000.0,1000000.0,False,,0.0,1.0001404208300086,-1000000.0,1000000.0,False,
G_tau_1p228801e+01_ms,A,A,1.0,0.014740327334145688,-1000000.0,1000000.0,False,,0.0,1.000304077958288,-1000000.0,1000000.0,False,
G_tau_1p269761e+01_ms,A,A,1.0,0.014707645979275681,-1000000.0,1000000.0,False,,0.0,1.0002877516042907,-1000000.0,1000000.0,False,
G_tau_1p310721e+01_ms,A,A,1.0,0.014690335579137877,-1000000.0,1000000.0,False,,0.0,1.0002886073417847,-1000000.0,1000000.0,False,
G_tau_1p392641e+01_ms,A,A,1.0,0.014780621670311443,-1000000.0,1000000.0,False,,0.0,1.0001513802079154,-1000000.0,1000000.0,False,
G_tau_1p474561e+01_ms,A,A,1.0,0.014435060397150925,-1000000.0,1000000.0,False,,0.0,1.0003191106438574,-1000000.0,1000000.0,False,
G_tau_1p556481e+01_ms,A,A,1.0,0.014520579978974464,-1000000.0,1000000.0,False,,0.0,1.000190753495979,-1000000.0,1000000.0,False,
G_tau_1p638401e+01_ms,A,A,1.0,0.01446287870166281,-1000000.0,1000000.0,False,,0.0,1.0002061360048509,-1000000.0,1000000.0,False,
G_tau_1p720321e+01_ms,A,A,1.0,0.014221088516432131,-1000000.0,1000000.0,False,,0.0,1.0003167590048105,-1000000.0,1000000.0,False,
G_tau_1p802241e+01_ms,A,A,1.0,0.01445870387679313,-1000000.0,1000000.0,False,,0.0,1.000115201180365,-1000000.0,1000000.0,False,
G_tau_1p884161e+01_ms,A,A,1.0,0.014314087433741277,-1000000.0,1000000.0,False,,0.0,1.000173351181079,-1000000.0,1000000.0,False,
G_tau_1p966081e+01_ms,A,A,1.0,0.014195578303865222,-1000000.0,1000000.0,False,,0.0,1.000245308587641,-1000000.0,1000000.0,False,
G_tau_2p048001e+01_ms,A,A,1.0,0.014147552940508545,-1000000.0,1000000.0,False,,0.0,1.0002199318636802,-1000000.0,1000000.0,False,
G_tau_2p129921e+01_ms,A,A,1.0,0.014147355524031463,-1000000.0,1000000.0,False,,0.0,1.0001762714899038,-1000000.0,1000000.0,False,
G_tau_2p211841e+01_ms,A,A,1.0,0.014270373801388883,-1000000.0,1000000.0,False,,0.0,1.0000795196384844,-1000000.0,1000000.0,False,
G_tau_2p293761e+01_ms,A,A,1.0,0.013954199581964756,-1000000.0,1000000.0,False,,0.0,1.0002535814105582,-1000000.0,1000000.0,False,
G_tau_2p375681e+01_ms,A,A,1.0,0.01413627984887986,-1000000.0,1000000.0,False,,0.0,1.0001051076220422,-1000000.0,1000000.0,False,
G_tau_2p457601e+01_ms,A,A,1.0,0.014085713788298839,-1000000.0,1000000.0,False,,0.0,1.0001092487171281,-1000000.0,1000000.0,False,
G_tau_2p539521e+01_ms,A,A,1.0,0.013998648632216563,-1000000.0,1000000.0,False,,0.0,1.0001448940136988,-1000000.0,1000000.0,False,
G_tau_2p621441e+01_ms,A,A,1.0,0.014009499472229119,-1000000.0,1000000.0,False,,0.0,1.0001209214285756,-1000000.0,1000000.0,False,
G_tau_2p785281e+01_ms,A,A,1.0,0.014036897913673844,-1000000.0,1000000.0,False,,0.0,1.0000486541843951,-1000000.0,1000000.0,False,
G_tau_2p949121e+01_ms,A,A,1.0,0.013978557347098873,-1000000.0,1000000.0,False,,0.0,1.0000377289410247,-1000000.0,1000000.0,False,
G_tau_3p112961e+01_ms,A,A,1.0,0.013932625741476285,-1000000.0,1000000.0,False,,0.0,1.0000282772487212,-1000000.0,1000000.0,False,
G_tau_3p276801e+01_ms,A,A,1.0,0.01383907233762587,-1000000.0,1000000.0,False,,0.0,1.0000651600409871,-1000000.0,1000000.0,False,
G_tau_3p440641e+01_ms,A,A,1.0,0.013811481637586314,-1000000.0,1000000.0,False,,0.0,1.0000539405011881,-1000000.0,1000000.0,False,
G_tau_3p604481e+01_ms,A,A,1.0,0.013849958512163097,-1000000.0,1000000.0,False,,0.0,1.0000176707414703,-1000000.0,1000000.0,False,
G_tau_3p768321e+01_ms,A,A,1.0,0.013888582190963216,-1000000.0,1000000.0,False,,0.0,0.9999626298593957,-1000000.0,1000000.0,False,
G_tau_3p932162e+01_ms,A,A,1.0,0.013782020799297964,-1000000.0,1000000.0,False,,0.0,1.0000150207904184,-1000000.0,1000000.0,False,
G_tau_4p096002e+01_ms,A,A,1.0,0.013848332471502578,-1000000.0,1000000.0,False,,0.0,0.9999610551652758,-1000000.0,1000000.0,False,
G_tau_4p259842e+01_ms,A,A,1.0,0.013875718304659772,-1000000.0,1000000.0,False,,0.0,0.9999011102301578,-1000000.0,1000000.0,False,
G_tau_4p423682e+01_ms,A,A,1.0,0.013861047997640924,-1000000.0,1000000.0,False,,0.0,0.9998870800823293,-1000000.0,1000000.0,False,
G_tau_4p587522e+01_ms,A,A,1.0,0.013932448325284785,-1000000.0,1000000.0,False,,0.0,0.9998367753217132,-1000000.0,1000000.0,False,
G_tau_4p751362e+01_ms,A,A,1.0,0.013843908005246628,-1000000.0,1000000.0,False,,0.0,0.9998617878512662,-1000000.0,1000000.0,False,
G_tau_4p915202e+01_ms,A,A,1.0,0.013672777258022847,-1000000.0,1000000.0,False,,0.0,0.9999545552013563,-1000000.0,1000000.0,False,
G_tau_5p079043e+01_ms,A,A,1.0,0.013869256175516893,-1000000.0,1000000.0,False,,0.0,0.9997953326920934,-1000000.0,1000000.0,False,
G_tau_5p242883e+01_ms,A,A,1.0,0.013813992307610436,-1000000.0,1000000.0,False,,0.0,0.9998253369993747,-1000000.0,1000000.0,False,
G_tau_5p570563e+01_ms,A,A,1.0,0.013814164224025724,-1000000.0,1000000.0,False,,0.0,0.9998004720267539,-1000000.0,1000000.0,False,
G_tau_5p898242e+01_ms,A,A,1.0,0.013813041024887436,-1000000.0,1000000.0,False,,0.0,0.9997819865077383,-1000000.0,1000000.0,False,
G_tau_6p225922e+01_ms,A,A,1.0,0.013810658681619641,-1000000.0,1000000.0,False,,0.0,0.9997496255348726,-1000000.0,1000000.0,False,
G_tau_6p553602e+01_ms,A,A,1.0,0.01375806546759684,-1000000.0,1000000.0,False,,0.0,0.9997801035030076,-1000000.0,1000000.0,False,
G_tau_6p881282e+01_ms,A,A,1.0,0.013768962191744793,-1000000.0,1000000.0,False,,0.0,0.9997413890336947,-1000000.0,1000000.0,False,
G_tau_7p208963e+01_ms,A,A,1.0,0.013905769804977128,-1000000.0,1000000.0,False,,0.0,0.9996270609198544,-1000000.0,1000000.0,False,
G_tau_7p536643e+01_ms,A,A,1.0,0.01384489953470971,-1000000.0,1000000.0,False,,0.0,0.9996566628257907,-1000000.0,1000000.0,False,
G_tau_7p864323e+01_ms,A,A,1.0,0.013815938328652059,-1000000.0,1000000.0,False,,0.0,0.9996720386237719,-1000000.0,1000000.0,False,
G_tau_8p192004e+01_ms,A,A,1.0,0.013852750572015774,-1000000.0,1000000.0,False,,0.0,0.9996283248951344,-1000000.0,1000000.0,False,
G_tau_8p519684e+01_ms,A,A,1.0,0.013810792743980855,-1000000.0,1000000.0,False,,0.0,0.9996295709335262,-1000000.0,1000000.0,False,
G_tau_8p847364e+01_ms,A,A,1.0,0.013740554205254994,-1000000.0,1000000.0,False,,0.0,0.9996770837668899,-1000000.0,1000000.0,False,
G_tau_9p175044e+01_ms,A,A,1.0,0.013838654081749268,-1000000.0,1000000.0,False,,0.0,0.9995970328631406,-1000000.0,1000000.0,False,
G_tau_9p502725e+01_ms,A,A,1.0,0.013783181353225787,-1000000.0,1000000.0,False,,0.0,0.9996065213011941,-1000000.0,1000000.0,False,
G_tau_9p830405e+01_ms,A,A,1.0,0.013846636963502402,-1000000.0,1000000.0,False,,0.0,0.9995596630714741,-1000000.0,1000000.0,False,
G_tau_1p015809e+02_ms,A,A,1.0,0.01384854622005835,-1000000.0,1000000.0,False,,0.0,0.9995632950896,-1000000.0,1000000.0,False,
G_tau_1p048577e+02_ms,A,A,1.0,0.013790192688721661,-1000000.0,1000000.0,False,,0.0,0.999577440468577,-1000000.0,1000000.0,False,
G_tau_1p114113e+02_ms,A,A,1.0,0.013805359436766834,-1000000.0,1000000.0,False,,0.0,0.999542566608078,-1000000.0,1000000.0,False,
G_tau_1p179648e+02_ms,A,A,1.0,0.013771306391811629,-1000000.0,1000000.0,False,,0.0,0.9995524798317077,-1000000.0,1000000.0,False,
G_tau_1p245184e+02_ms,A,A,1.0,0.013890772782419323,-1000000.0,1000000.0,False,,0.0,0.9994576148005103,-1000000.0,1000000.0,False,
G_tau_1p310720e+02_ms,A,A,1.0,0.01391502134781455,-1000000.0,1000000.0,False,,0.0,0.9994346396073683,-1000000.0,1000000.0,False,
G_tau_1p376256e+02_ms,A,A,1.0,0.013938070575806908,-1000000.0,1000000.0,False,,0.0,0.9994030253538239,-1000000.0,1000000.0,False,
G_tau_1p441793e+02_ms,A,A,1.0,0.013906560271572346,-1000000.0,1000000.0,False,,0.0,0.999404756841348,-1000000.0,1000000.0,False,
G_tau_1p507329e+02_ms,A,A,1.0,0.013969934511356696,-1000000.0,1000000.0,False,,0.0,0.999350688660863,-1000000.0,1000000.0,False,
G_tau_1p572865e+02_ms,A,A,1.0,0.013948701449577215,-1000000.0,1000000.0,False,,0.0,0.9993501564467308,-1000000.0,1000000.0,False,
G_tau_1p638401e+02_ms,A,A,1.0,0.013915696408567685,-1000000.0,1000000.0,False,,0.0,0.9993734852305078,-1000000.0,1000000.0,False,
G_tau_1p703937e+02_ms,A,A,1.0,0.013992401793549693,-1000000.0,1000000.0,False,,0.0,0.9993082846356586,-1000000.0,1000000.0,False,
G_tau_1p769473e+02_ms,A,A,1.0,0.01393814216114464,-1000000.0,1000000.0,False,,0.0,0.999342476250006,-1000000.0,1000000.0,False,
G_tau_1p835009e+02_ms,A,A,1.0,0.013934246146162982,-1000000.0,1000000.0,False,,0.0,0.9993331431244781,-1000000.0,1000000.0,False,
G_tau_1p900545e+02_ms,A,A,1.0,0.013970342998685291,-1000000.0,1000000.0,False,,0.0,0.9992876282992159,-1000000.0,1000000.0,False,
G_tau_1p966081e+02_ms,A,A,1.0,0.013978645081933775,-1000000.0,1000000.0,False,,0.0,0.9992802758754105,-1000000.0,1000000.0,False,
G_tau_2p031617e+02_ms,A,A,1.0,0.013933636928047693,-1000000.0,1000000.0,False,,0.0,0.9993039622596797,-1000000.0,1000000.0,False,
G_tau_2p097153e+02_ms,A,A,1.0,0.013948915612720731,-1000000.0,1000000.0,False,,0.0,0.9992739984100656,-1000000.0,1000000.0,False,
G_tau_2p228225e+02_ms,A,A,1.0,0.013989276241529887,-1000000.0,1000000.0,False,,0.0,0.999229118538043,-1000000.0,1000000.0,False,
G_tau_2p359297e+02_ms,A,A,1.0,0.01400270382742678,-1000000.0,1000000.0,False,,0.0,0.9992047231921448,-1000000.0,1000000.0,False,
G_tau_2p490369e+02_ms,A,A,1.0,0.01401236006183881,-1000000.0,1000000.0,False,,0.0,0.999185921793477,-1000000.0,1000000.0,False,
G_tau_2p621441e+02_ms,A,A,1.0,0.014034893456806651,-1000000.0,1000000.0,False,,0.0,0.9991597262184615,-1000000.0,1000000.0,False,
G_tau_2p752513e+02_ms,A,A,1.0,0.014068259688092387,-1000000.0,1000000.0,False,,0.0,0.9991309499384861,-1000000.0,1000000.0,False,
G_tau_2p883585e+02_ms,A,A,1.0,0.013997809922887045,-1000000.0,1000000.0,False,,0.0,0.9991588496248252,-1000000.0,1000000.0,False,
G_tau_3p014657e+02_ms,A,A,1.0,0.014009662973356514,-1000000.0,1000000.0,False,,0.0,0.9991402621958597,-1000000.0,1000000.0,False,
G_tau_3p145729e+02_ms,A,A,1.0,0.01407403575707629,-1000000.0,1000000.0,False,,0.0,0.9990831075675041,-1000000.0,1000000.0,False,
G_tau_3p276801e+02_ms,A,A,1.0,0.01401553304536172,-1000000.0,1000000.0,False,,0.0,0.9991131903024384,-1000000.0,1000000.0,False,
G_tau_3p407874e+02_ms,A,A,1.0,0.014075696727680014,-1000000.0,1000000.0,False,,0.0,0.9990642251945904,-1000000.0,1000000.0,False,
G_tau_3p538946e+02_ms,A,A,1.0,0.014001765571199016,-1000000.0,1000000.0,False,,0.0,0.9991004589900389,-1000000.0,1000000.0,False,
G_tau_3p670018e+02_ms,A,A,1.0,0.014022570186855586,-1000000.0,1000000.0,False,,0.0,0.9990691310492991,-1000000.0,1000000.0,False,
G_tau_3p801090e+02_ms,A,A,1.0,0.01402662987402458,-1000000.0,1000000.0,False,,0.0,0.9990635362724039,-1000000.0,1000000.0,False,
G_tau_3p932162e+02_ms,A,A,1.0,0.014026026405319305,-1000000.0,1000000.0,False,,0.0,0.9990485725663762,-1000000.0,1000000.0,False,
G_tau_4p063234e+02_ms,A,A,1.0,0.01405862384820159,-1000000.0,1000000.0,False,,0.0,0.9990317596465051,-1000000.0,1000000.0,False,
G_tau_4p194306e+02_ms,A,A,1.0,0.014042027610383302,-1000000.0,1000000.0,False,,0.0,0.9990246600213617,-1000000.0,1000000.0,False,
G_tau_4p456450e+02_ms,A,A,1.0,0.014019033107871419,-1000000.0,1000000.0,False,,0.0,0.9990268308490832,-1000000.0,1000000.0,False,
G_tau_4p718594e+02_ms,A,A,1.0,0.014027665838450413,-1000000.0,1000000.0,False,,0.0,0.9990046921728618,-1000000.0,1000000.0,False,
G_tau_4p980738e+02_ms,A,A,1.0,0.014050470947179556,-1000000.0,1000000.0,False,,0.0,0.9989787363938468,-1000000.0,1000000.0,False,
G_tau_5p242882e+02_ms,A,A,1.0,0.01403564612276485,-1000000.0,1000000.0,False,,0.0,0.9989664073092611,-1000000.0,1000000.0,False,
G_tau_5p505026e+02_ms,A,A,1.0,0.014032730424807046,-1000000.0,1000000.0,False,,0.0,0.99895718225763,-1000000.0,1000000.0,False,
G_tau_5p767170e+02_ms,A,A,1.0,0.014048042934931948,-1000000.0,1000000.0,False,,0.0,0.9989362759886947,-1000000.0,1000000.0,False,
G_tau_6p029314e+02_ms,A,A,1.0,0.01401732667980212,-1000000.0,1000000.0,False,,0.0,0.9989430878002641,-1000000.0,1000000.0,False,
G_tau_6p291459e+02_ms,A,A,1.0,0.014005957705036397,-1000000.0,1000000.0,False,,0.0,0.9989271178922674,-1000000.0,1000000.0,False,
G_tau_6p553603e+02_ms,A,A,1.0,0.014036043591033833,-1000000.0,1000000.0,False,,0.0,0.9989026675605298,-1000000.0,1000000.0,False,
G_tau_6p815747e+02_ms,A,A,1.0,0.013991739082226123,-1000000.0,1000000.0,False,,0.0,0.9989178678997951,-1000000.0,1000000.0,False,
G_tau_7p077891e+02_ms,A,A,1.0,0.01397887933703172,-1000000.0,1000000.0,False,,0.0,0.998908730641514,-1000000.0,1000000.0,False,
G_tau_7p340035e+02_ms,A,A,1.0,0.01396050402097697,-1000000.0,1000000.0,False,,0.0,0.9989010805429138,-1000000.0,1000000.0,False,
G_tau_7p602180e+02_ms,A,A,1.0,0.013952856215317777,-1000000.0,1000000.0,False,,0.0,0.998897770064421,-1000000.0,1000000.0,False,
G_tau_7p864324e+02_ms,A,A,1.0,0.013961373288761892,-1000000.0,1000000.0,False,,0.0,0.9988830848352972,-1000000.0,1000000.0,False,
G_tau_8p126468e+02_ms,A,A,1.0,0.013935232497337333,-1000000.0,1000000.0,False,,0.0,0.9988965989067178,-1000000.0,1000000.0,False,
G_tau_8p388612e+02_ms,A,A,1.0,0.013944536984539827,-1000000.0,1000000.0,False,,0.0,0.9988803819261874,-1000000.0,1000000.0,False,
G_tau_8p912900e+02_ms,A,A,1.0,0.013927836286418836,-1000000.0,1000000.0,False,,0.0,0.9988742931713502,-1000000.0,1000000.0,False,
G_tau_9p437188e+02_ms,A,A,1.0,0.013946006666009035,-1000000.0,1000000.0,False,,0.0,0.9988513149556127,-1000000.0,1000000.0,False,
G_tau_9p961476e+02_ms,A,A,1.0,0.01391999682672321,-1000000.0,1000000.0,False,,0.0,0.9988521540743055,-1000000.0,1000000.0,False,
G_tau_1p048576e+03_ms,A,A,1.0,0.013927713000100922,-1000000.0,1000000.0,False,,0.0,0.9988275082766455,-1000000.0,1000000.0,False,
G_tau_1p101005e+03_ms,A,A,1.0,0.013908748994461338,-1000000.0,1000000.0,False,,0.0,0.998823160020898,-1000000.0,1000000.0,False,
G_tau_1p153434e+03_ms,A,A,1.0,0.013880491962730555,-1000000.0,1000000.0,False,,0.0,0.9988305590626732,-1000000.0,1000000.0,False,
G_tau_1p205863e+03_ms,A,A,1.0,0.013857778528657544,-1000000.0,1000000.0,False,,0.0,0.9988375073727082,-1000000.0,1000000.0,False,
G_tau_1p258292e+03_ms,A,A,1.0,0.013877952195155363,-1000000.0,1000000.0,False,,0.0,0.9988181046360789,-1000000.0,1000000.0,False,
G_tau_1p310721e+03_ms,A,A,1.0,0.01389041224195043,-1000000.0,1000000.0,False,,0.0,0.9987998781139729,-1000000.0,1000000.0,False,
G_tau_1p363149e+03_ms,A,A,1.0,0.013865002974081081,-1000000.0,1000000.0,False,,0.0,0.9988106174428256,-1000000.0,1000000.0,False,
G_tau_1p415578e+03_ms,A,A,1.0,0.01389143936370684,-1000000.0,1000000.0,False,,0.0,0.9987865326293933,-1000000.0,1000000.0,False,
G_tau_1p468007e+03_ms,A,A,1.0,0.013854312882517318,-1000000.0,1000000.0,False,,0.0,0.9987996541113463,-1000000.0,1000000.0,False,
G_tau_1p520436e+03_ms,A,A,1.0,0.013851326051946632,-1000000.0,1000000.0,False,,0.0,0.9987974210580476,-1000000.0,1000000.0,False,
G_tau_1p572865e+03_ms,A,A,1.0,0.013848065989846028,-1000000.0,1000000.0,False,,0.0,0.9987867900254936,-1000000.0,1000000.0,False,
G_tau_1p625294e+03_ms,A,A,1.0,0.01388173109648322,-1000000.0,1000000.0,False,,0.0,0.9987639764314141,-1000000.0,1000000.0,False,
G_tau_1p677722e+03_ms,A,A,1.0,0.013847196126014602,-1000000.0,1000000.0,False,,0.0,0.9987758115074497,-1000000.0,1000000.0,False,
G_tau_1p782580e+03_ms,A,A,1.0,0.013821923752029452,-1000000.0,1000000.0,False,,0.0,0.9987739145024354,-1000000.0,1000000.0,False,
G_tau_1p887438e+03_ms,A,A,1.0,0.013807861955227816,-1000000.0,1000000.0,False,,0.0,0.9987555468769673,-1000000.0,1000000.0,False,
G_tau_1p992295e+03_ms,A,A,1.0,0.013719567523248906,-1000000.0,1000000.0,False,,0.0,0.9987924728848676,-1000000.0,1000000.0,False,
G_tau_2p097153e+03_ms,A,A,1.0,0.013712287908891535,-1000000.0,1000000.0,False,,0.0,0.9987746348772599,-1000000.0,1000000.0,False,
G_tau_2p202010e+03_ms,A,A,1.0,0.013689833801580424,-1000000.0,1000000.0,False,,0.0,0.9987703006841241,-1000000.0,1000000.0,False,
G_tau_2p306868e+03_ms,A,A,1.0,0.013662472415367399,-1000000.0,1000000.0,False,,0.0,0.9987616191739974,-1000000.0,1000000.0,False,
G_tau_2p411726e+03_ms,A,A,1.0,0.013637261619507006,-1000000.0,1000000.0,False,,0.0,0.9987586294222373,-1000000.0,1000000.0,False,
G_tau_2p516583e+03_ms,A,A,1.0,0.013629356260668262,-1000000.0,1000000.0,False,,0.0,0.9987491124514281,-1000000.0,1000000.0,False,
G_tau_2p621441e+03_ms,A,A,1.0,0.013604736176906204,-1000000.0,1000000.0,False,,0.0,0.998748249283954,-1000000.0,1000000.0,False,
G_tau_2p726299e+03_ms,A,A,1.0,0.0136059650606089,-1000000.0,1000000.0,False,,0.0,0.9987363431743218,-1000000.0,1000000.0,False,
G_tau_2p831156e+03_ms,A,A,1.0,0.013577582559313238,-1000000.0,1000000.0,False,,0.0,0.9987408015820886,-1000000.0,1000000.0,False,
G_tau_2p936014e+03_ms,A,A,1.0,0.013563617334203658,-1000000.0,1000000.0,False,,0.0,0.9987335782751702,-1000000.0,1000000.0,False,
G_tau_3p040872e+03_ms,A,A,1.0,0.01353337578336804,-1000000.0,1000000.0,False,,0.0,0.9987352198868837,-1000000.0,1000000.0,False,
G_tau_3p145730e+03_ms,A,A,1.0,0.013507007922885629,-1000000.0,1000000.0,False,,0.0,0.9987337826688173,-1000000.0,1000000.0,False,
G_tau_3p250587e+03_ms,A,A,1.0,0.013469652531037215,-1000000.0,1000000.0,False,,0.0,0.9987344159698025,-1000000.0,1000000.0,False,
G_tau_3p355445e+03_ms,A,A,1.0,0.013451925415947346,-1000000.0,1000000.0,False,,0.0,0.9987336154971472,-1000000.0,1000000.0,False,
G_tau_3p565160e+03_ms,A,A,1.0,0.01337254249446903,-1000000.0,1000000.0,False,,0.0,0.9987506665814515,-1000000.0,1000000.0,False,
G_tau_3p774875e+03_ms,A,A,1.0,0.013325214262840356,-1000000.0,1000000.0,False,,0.0,0.9987479865755211,-1000000.0,1000000.0,False,
G_tau_3p984590e+03_ms,A,A,1.0,0.013238167280064871,-1000000.0,1000000.0,False,,0.0,0.9987742461344494,-1000000.0,1000000.0,False,
G_tau_4p194305e+03_ms,A,A,1.0,0.01323826851904164,-1000000.0,1000000.0,False,,0.0,0.9987576868532766,-1000000.0,1000000.0,False,
G_tau_4p404021e+03_ms,A,A,1.0,0.01321615115578881,-1000000.0,1000000.0,False,,0.0,0.9987474108065613,-1000000.0,1000000.0,False,
G_tau_4p613736e+03_ms,A,A,1.0,0.013187558151165091,-1000000.0,1000000.0,False,,0.0,0.998743135715361,-1000000.0,1000000.0,False,
G_tau_4p823452e+03_ms,A,A,1.0,0.013127380286694825,-1000000.0,1000000.0,False,,0.0,0.9987607704466316,-1000000.0,1000000.0,False,
G_tau_5p033167e+03_ms,A,A,1.0,0.013095416184955628,-1000000.0,1000000.0,False,,0.0,0.9987487415601702,-1000000.0,1000000.0,False,
G_tau_5p242882e+03_ms,A,A,1.0,0.013061920861886704,-1000000.0,1000000.0,False,,0.0,0.9987529366104074,-1000000.0,1000000.0,False,
G_tau_5p452598e+03_ms,A,A,1.0,0.013003028627630484,-1000000.0,1000000.0,False,,0.0,0.9987648363666161,-1000000.0,1000000.0,False,
G_tau_5p662313e+03_ms,A,A,1.0,0.012997666202675734,-1000000.0,1000000.0,False,,0.0,0.9987476890436887,-1000000.0,1000000.0,False,
G_tau_5p872028e+03_ms,A,A,1.0,0.012952775670467251,-1000000.0,1000000.0,False,,0.0,0.998755869775768,-1000000.0,1000000.0,False,
G_tau_6p081744e+03_ms,A,A,1.0,0.012913190295369054,-1000000.0,1000000.0,False,,0.0,0.9987603155825466,-1000000.0,1000000.0,False,
G_tau_6p291459e+03_ms,A,A,1.0,0.012871356910571325,-1000000.0,1000000.0,False,,0.0,0.9987671322056945,-1000000.0,1000000.0,False,
G_tau_6p501174e+03_ms,A,A,1.0,0.01284522550871023,-1000000.0,1000000.0,False,,0.0,0.9987649584028403,-1000000.0,1000000.0,False,
G_tau_6p710890e+03_ms,A,A,1.0,0.012849746797473863,-1000000.0,1000000.0,False,,0.0,0.9987507845374463,-1000000.0,1000000.0,False,
G_tau_7p130320e+03_ms,A,A,1.0,0.0127793520141021,-1000000.0,1000000.0,False,,0.0,0.9987612224516046,-1000000.0,1000000.0,False,
G_tau_7p549750e+03_ms,A,A,1.0,0.012748080651660512,-1000000.0,1000000.0,False,,0.0,0.9987512919576269,-1000000.0,1000000.0,False,
G_tau_7p969181e+03_ms,A,A,1.0,0.012679101144006904,-1000000.0,1000000.0,False,,0.0,0.998761947811459,-1000000.0,1000000.0,False,
G_tau_8p388611e+03_ms,A,A,1.0,0.012657989876074879,-1000000.0,1000000.0,False,,0.0,0.9987489897471045,-1000000.0,1000000.0,False,
G_tau_8p808042e+03_ms,A,A,1.0,0.012584232709151873,-1000000.0,1000000.0,False,,0.0,0.9987682282171546,-1000000.0,1000000.0,False,
G_tau_9p227472e+03_ms,A,A,1.0,0.01254269274398112,-1000000.0,1000000.0,False,,0.0,0.9987673694527316,-1000000.0,1000000.0,False,
G_tau_9p646903e+03_ms,A,A,1.0,0.01251722727938251,-1000000.0,1000000.0,False,,0.0,0.998761214082497,-1000000.0,1000000.0,False,
G_tau_1p006633e+04_ms,A,A,1.0,0.012467806336992175,-1000000.0,1000000.0,False,,0.0,0.998771009008741,-1000000.0,1000000.0,False,
G_tau_1p048576e+04_ms,A,A,1.0,0.012425318564917139,-1000000.0,1000000.0,False,,0.0,0.9987726086487886,-1000000.0,1000000.0,False,
G_tau_1p090520e+04_ms,A,A,1.0,0.012388461581140183,-1000000.0,1000000.0,False,,0.0,0.9987717985071878,-1000000.0,1000000.0,False,
G_tau_1p132463e+04_ms,A,A,1.0,0.012332447709223732,-1000000.0,1000000.0,False,,0.0,0.9987833407905093,-1000000.0,1000000.0,False,
G_tau_1p174406e+04_ms,A,A,1.0,0.012291094226790578,-1000000.0,1000000.0,False,,0.0,0.9987887399823809,-1000000.0,1000000.0,False,
G_tau_1p216349e+04_ms,A,A,1.0,0.012248333627493994,-1000000.0,1000000.0,False,,0.0,0.9987890382063591,-1000000.0,1000000.0,False,
G_tau_1p258292e+04_ms,A,A,1.0,0.012212187971331263,-1000000.0,1000000.0,False,,0.0,0.998788735449411,-1000000.0,1000000.0,False,
G_tau_1p300235e+04_ms,A,A,1.0,0.012189276442218646,-1000000.0,1000000.0,False,,0.0,0.9987865491947558,-1000000.0,1000000.0,False,
G_tau_1p342178e+04_ms,A,A,1.0,0.012159346494129772,-1000000.0,1000000.0,False,,0.0,0.9987838636179328,-1000000.0,1000000.0,False,
G_tau_1p426064e+04_ms,A,A,1.0,0.012026363913829684,-1000000.0,1000000.0,False,,0.0,0.998802988329273,-1000000.0,1000000.0,False,
G_tau_1p509950e+04_ms,A,A,1.0,0.011961602434948964,-1000000.0,1000000.0,False,,0.0,0.998801445431964,-1000000.0,1000000.0,False,
G_tau_1p593836e+04_ms,A,A,1.0,0.01187912069547196,-1000000.0,1000000.0,False,,0.0,0.9988104863171378,-1000000.0,1000000.0,False,
G_tau_1p677722e+04_ms,A,A,1.0,0.01180188013098661,-1000000.0,1000000.0,False,,0.0,0.998819639221705,-1000000.0,1000000.0,False,
G_tau_1p761608e+04_ms,A,A,1.0,0.011750027110797789,-1000000.0,1000000.0,False,,0.0,0.9988238566741885,-1000000.0,1000000.0,False,
G_tau_1p845494e+04_ms,A,A,1.0,0.011698950424998165,-1000000.0,1000000.0,False,,0.0,0.9988218885569083,-1000000.0,1000000.0,False,
G_tau_1p929381e+04_ms,A,A,1.0,0.01163447918777467,-1000000.0,1000000.0,False,,0.0,0.9988279189247947,-1000000.0,1000000.0,False,
G_tau_2p013267e+04_ms,A,A,1.0,0.01158141720974772,-1000000.0,1000000.0,False,,0.0,0.9988368644746095,-1000000.0,1000000.0,False,
G_tau_2p097153e+04_ms,A,A,1.0,0.011531403545598064,-1000000.0,1000000.0,False,,0.0,0.9988369098563444,-1000000.0,1000000.0,False,
G_tau_2p181039e+04_ms,A,A,1.0,0.01147478254165343,-1000000.0,1000000.0,False,,0.0,0.9988428007737675,-1000000.0,1000000.0,False,
G_tau_2p264925e+04_ms,A,A,1.0,0.011433074610112063,-1000000.0,1000000.0,False,,0.0,0.9988419230013574,-1000000.0,1000000.0,False,
G_tau_2p348811e+04_ms,A,A,1.0,0.011387019735365838,-1000000.0,1000000.0,False,,0.0,0.9988404900577744,-1000000.0,1000000.0,False,
G_tau_2p432697e+04_ms,A,A,1.0,0.011335718453490143,-1000000.0,1000000.0,False,,0.0,0.9988523197103899,-1000000.0,1000000.0,False,
G_tau_2p516584e+04_ms,A,A,1.0,0.011299594021605682,-1000000.0,1000000.0,False,,0.0,0.9988525129022201,-1000000.0,1000000.0,False,
G_tau_2p600470e+04_ms,A,A,1.0,0.011243343935186929,-1000000.0,1000000.0,False,,0.0,0.9988607683203791,-1000000.0,1000000.0,False,
G_tau_2p684356e+04_ms,A,A,1.0,0.011195377112699434,-1000000.0,1000000.0,False,,0.0,0.9988626368611817,-1000000.0,1000000.0,False,
G_tau_2p852128e+04_ms,A,A,1.0,0.011095358061952174,-1000000.0,1000000.0,False,,0.0,0.9988741175448101,-1000000.0,1000000.0,False,
G_tau_3p019900e+04_ms,A,A,1.0,0.010972232561225372,-1000000.0,1000000.0,False,,0.0,0.9988880842316583,-1000000.0,1000000.0,False,
G_tau_3p187672e+04_ms,A,A,1.0,0.010854939961683968,-1000000.0,1000000.0,False,,0.0,0.9988968285532058,-1000000.0,1000000.0,False,
G_tau_3p355444e+04_ms,A,A,1.0,0.010740265512185671,-1000000.0,1000000.0,False,,0.0,0.998901596051703,-1000000.0,1000000.0,False,
G_tau_3p523217e+04_ms,A,A,1.0,0.010617703953184081,-1000000.0,1000000.0,False,,0.0,0.9989176104470738,-1000000.0,1000000.0,False,
G_tau_3p690989e+04_ms,A,A,1.0,0.010490038672155828,-1000000.0,1000000.0,False,,0.0,0.9989283952531396,-1000000.0,1000000.0,False,
G_tau_3p858761e+04_ms,A,A,1.0,0.010371374837265296,-1000000.0,1000000.0,False,,0.0,0.9989349388374346,-1000000.0,1000000.0,False,
G_tau_4p026534e+04_ms,A,A,1.0,0.010252441629601702,-1000000.0,1000000.0,False,,0.0,0.9989479826111943,-1000000.0,1000000.0,False,
G_tau_4p194306e+04_ms,A,A,1.0,0.010120436041850785,-1000000.0,1000000.0,False,,0.0,0.9989628571687211,-1000000.0,1000000.0,False,
G_tau_4p362078e+04_ms,A,A,1.0,0.009966523845463088,-1000000.0,1000000.0,False,,0.0,0.9989840912715423,-1000000.0,1000000.0,False,
G_tau_4p529850e+04_ms,A,A,1.0,0.009810906281225709,-1000000.0,1000000.0,False,,0.0,0.9989985067393818,-1000000.0,1000000.0,False,
G_tau_4p697623e+04_ms,A,A,1.0,0.009656437263695148,-1000000.0,1000000.0,False,,0.0,0.9990147035665554,-1000000.0,1000000.0,False,
G_tau_4p865395e+04_ms,A,A,1.0,0.009519589883918185,-1000000.0,1000000.0,False,,0.0,0.9990297562833701,-1000000.0,1000000.0,False,
G_tau_5p033167e+04_ms,A,A,1.0,0.009390748980983158,-1000000.0,1000000.0,False,,0.0,0.9990391966629266,-1000000.0,1000000.0,False,
G_tau_5p200940e+04_ms,A,A,1.0,0.009252836941739383,-1000000.0,1000000.0,False,,0.0,0.9990554222693377,-1000000.0,1000000.0,False,
G_tau_5p368712e+04_ms,A,A,1.0,0.009151605079270863,-1000000.0,1000000.0,False,,0.0,0.9990600420040432,-1000000.0,1000000.0,False,
G_tau_5p704256e+04_ms,A,A,1.0,0.008840315328073495,-1000000.0,1000000.0,False,,0.0,0.9991064035542205,-1000000.0,1000000.0,False,
G_tau_6p039800e+04_ms,A,A,1.0,0.00862053831315367,-1000000.0,1000000.0,False,,0.0,0.9991311619125709,-1000000.0,1000000.0,False,
G_tau_6p375344e+04_ms,A,A,1.0,0.008388144424589636,-1000000.0,1000000.0,False,,0.0,0.9991545257415152,-1000000.0,1000000.0,False,
G_tau_6p710889e+04_ms,A,A,1.0,0.008148794969963414,-1000000.0,1000000.0,False,,0.0,0.9991782013962182,-1000000.0,1000000.0,False,
G_tau_7p046433e+04_ms,A,A,1.0,0.007912547107601548,-1000000.0,1000000.0,False,,0.0,0.9992008836410958,-1000000.0,1000000.0,False,
G_tau_7p381978e+04_ms,A,A,1.0,0.007674272380282066,-1000000.0,1000000.0,False,,0.0,0.999230304113259,-1000000.0,1000000.0,False,
G_tau_7p717522e+04_ms,A,A,1.0,0.00744797898516949,-1000000.0,1000000.0,False,,0.0,0.9992499997130372,-1000000.0,1000000.0,False,
G_tau_8p053067e+04_ms,A,A,1.0,0.0072327564630022744,-1000000.0,1000000.0,False,,0.0,0.9992708675717232,-1000000.0,1000000.0,False,
G_tau_8p388612e+04_ms,A,A,1.0,0.0069859377581174865,-1000000.0,1000000.0,False,,0.0,0.9993052495565737,-1000000.0,1000000.0,False,
G_tau_8p724156e+04_ms,A,A,1.0,0.006767754478079222,-1000000.0,1000000.0,False,,0.0,0.9993263591231769,-1000000.0,1000000.0,False,
G_tau_9p059701e+04_ms,A,A,1.0,0.006569910148306358,-1000000.0,1000000.0,False,,0.0,0.9993428560541446,-1000000.0,1000000.0,False,
G_tau_9p395245e+04_ms,A,A,1.0,0.006371904895796969,-1000000.0,1000000.0,False,,0.0,0.9993641999124883,-1000000.0,1000000.0,False,
G_tau_9p730790e+04_ms,A,A,1.0,0.006198605290131493,-1000000.0,1000000.0,False,,0.0,0.9993745149300038,-1000000.0,1000000.0,False,
G_tau_1p006633e+05_ms,A,A,1.0,0.005996111566253555,-1000000.0,1000000.0,False,,0.0,0.9994005074067307,-1000000.0,1000000.0,False,
G_tau_1p040188e+05_ms,A,A,1.0,0.0057677948292428,-1000000.0,1000000.0,False,,0.0,0.999427411062768,-1000000.0,1000000.0,False,
G_tau_1p073742e+05_ms,A,A,1.0,0.005548404233524548,-1000000.0,1000000.0,False,,0.0,0.999447483504543,-1000000.0,1000000.0,False,
G_tau_1p140851e+05_ms,A,A,1.0,0.0049699082276428745,-1000000.0,1000000.0,False,,0.0,0.9995128683666961,-1000000.0,1000000.0,False,
G_tau_1p207960e+05_ms,A,A,1.0,0.004521797641578941,-1000000.0,1000000.0,False,,0.0,0.9995597991870763,-1000000.0,1000000.0,False,
G_tau_1p275069e+05_ms,A,A,1.0,0.004107352651967682,-1000000.0,1000000.0,False,,0.0,0.9996088943301435,-1000000.0,1000000.0,False,
G_tau_1p342178e+05_ms,A,A,1.0,0.0037274757798612533,-1000000.0,1000000.0,False,,0.0,0.9996493085878012,-1000000.0,1000000.0,False,
G_tau_1p409287e+05_ms,A,A,1.0,0.0033519391730157293,-1000000.0,1000000.0,False,,0.0,0.999694036029242,-1000000.0,1000000.0,False,
G_tau_1p476396e+05_ms,A,A,1.0,0.0030382379325049388,-1000000.0,1000000.0,False,,0.0,0.999724193302999,-1000000.0,1000000.0,False,
G_tau_1p543504e+05_ms,A,A,1.0,0.0027559115652708386,-1000000.0,1000000.0,False,,0.0,0.9997597840670048,-1000000.0,1000000.0,False,
G_tau_1p610613e+05_ms,A,A,1.0,0.00272950842086256,-1000000.0,1000000.0,False,,0.0,0.999755996028457,-1000000.0,1000000.0,False,
G_tau_1p677722e+05_ms,A,A,1.0,0.0022916513488710076,-1000000.0,1000000.0,False,,0.0,0.999802021435722,-1000000.0,1000000.0,False,
G_tau_1p744831e+05_ms,A,A,1.0,0.002091473439283072,-1000000.0,1000000.0,False,,0.0,0.999823408932606,-1000000.0,1000000.0,False,
G_tau_1p811940e+05_ms,A,A,1.0,0.0018608265577655689,-1000000.0,1000000.0,False,,0.0,0.9998449401693973,-1000000.0,1000000.0,False,
G_tau_1p879049e+05_ms,A,A,1.0,0.0016295303016136914,-1000000.0,1000000.0,False,,0.0,0.9998657777009033,-1000000.0,1000000.0,False,
G_tau_1p946158e+05_ms,A,A,1.0,0.0014632092588206635,-1000000.0,1000000.0,False,,0.0,0.9998815695976785,-1000000.0,1000000.0,False,
G_tau_2p013267e+05_ms,A,A,1.0,0.0013417152857189254,-1000000.0,1000000.0,False,,0.0,0.9998949147357853,-1000000.0,1000000.0,False,
G_tau_2p080376e+05_ms,A,A,1.0,0.0012818249340616488,-1000000.0,1000000.0,False,,0.0,0.9998851080774551,-1000000.0,1000000.0,False,
G_tau_2p147485e+05_ms,A,A,1.0,0.0012152062415494067,-1000000.0,1000000.0,False,,0.0,0.999892280534347,-1000000.0,1000000.0,False,
G_tau_2p281702e+05_ms,A,A,1.0,0.0011643743906122076,-1000000.0,1000000.0,False,,0.0,0.9998869193647182,-1000000.0,1000000.0,False,
G_tau_2p415920e+05_ms,A,A,1.0,0.0012378872693802221,-1000000.0,1000000.0,False,,0.0,0.9998779485586617,-1000000.0,1000000.0,False,
G_tau_2p550138e+05_ms,A,A,1.0,0.0014310842228911532,-1000000.0,1000000.0,False,,0.0,0.9998466037090459,-1000000.0,1000000.0,False,
G_tau_2p684355e+05_ms,A,A,1.0,0.0014162631902695825,-1000000.0,1000000.0,False,,0.0,0.999849450191057,-1000000.0,1000000.0,False,
G_tau_2p818573e+05_ms,A,A,1.0,0.0015193233944918812,-1000000.0,1000000.0,False,,0.0,0.9998381844716148,-1000000.0,1000000.0,False,
G_tau_2p952791e+05_ms,A,A,1.0,0.001615394287998244,-1000000.0,1000000.0,False,,0.0,0.9998195437671142,-1000000.0,1000000.0,False,
G_tau_3p087009e+05_ms,A,A,1.0,0.0017627185087454279,-1000000.0,1000000.0,False,,0.0,0.9997964409066679,-1000000.0,1000000.0,False,
G_tau_3p221227e+05_ms,A,A,1.0,0.002084080082465342,-1000000.0,1000000.0,False,,0.0,0.9997630316859374,-1000000.0,1000000.0,False,
G_tau_3p355445e+05_ms,A,A,1.0,0.00223359422760136,-1000000.0,1000000.0,False,,0.0,0.9997364862903294,-1000000.0,1000000.0,False,
G_tau_3p489662e+05_ms,A,A,1.0,0.0022947720544549007,-1000000.0,1000000.0,False,,0.0,0.9997234364705876,-1000000.0,1000000.0,False,
G_tau_3p623880e+05_ms,A,A,1.0,0.0022513726125512135,-1000000.0,1000000.0,False,,0.0,0.9997271059635694,-1000000.0,1000000.0,False,
G_tau_3p758098e+05_ms,A,A,1.0,0.001978752942813468,-1000000.0,1000000.0,False,,0.0,0.9997617006015372,-1000000.0,1000000.0,False,
G_tau_3p892316e+05_ms,A,A,1.0,0.0016703231536759858,-1000000.0,1000000.0,False,,0.0,0.9998031740800012,-1000000.0,1000000.0,False,
G_tau_4p026534e+05_ms,A,A,1.0,0.001407784575069325,-1000000.0,1000000.0,False,,0.0,0.9998417496408805,-1000000.0,1000000.0,False,
G_tau_4p160752e+05_ms,A,A,1.0,0.001615274123855839,-1000000.0,1000000.0,False,,0.0,0.9998004624358485,-1000000.0,1000000.0,False,
